-- MariaDB dump 10.19  Distrib 10.5.19-MariaDB, for Linux (x86_64)
--
-- Host: mysql.hostinger.ro    Database: u574849695_18
-- ------------------------------------------------------
-- Server version	10.5.19-MariaDB-cll-lve

/*!40101 SET @OLD_CHARACTER_SET_CLIENT=@@CHARACTER_SET_CLIENT */;
/*!40101 SET @OLD_CHARACTER_SET_RESULTS=@@CHARACTER_SET_RESULTS */;
/*!40101 SET @OLD_COLLATION_CONNECTION=@@COLLATION_CONNECTION */;
/*!40101 SET NAMES utf8mb4 */;
/*!40103 SET @OLD_TIME_ZONE=@@TIME_ZONE */;
/*!40103 SET TIME_ZONE='+00:00' */;
/*!40014 SET @OLD_UNIQUE_CHECKS=@@UNIQUE_CHECKS, UNIQUE_CHECKS=0 */;
/*!40014 SET @OLD_FOREIGN_KEY_CHECKS=@@FOREIGN_KEY_CHECKS, FOREIGN_KEY_CHECKS=0 */;
/*!40101 SET @OLD_SQL_MODE=@@SQL_MODE, SQL_MODE='NO_AUTO_VALUE_ON_ZERO' */;
/*!40111 SET @OLD_SQL_NOTES=@@SQL_NOTES, SQL_NOTES=0 */;

--
-- Table structure for table `article_type`
--

DROP TABLE IF EXISTS `article_type`;
/*!40101 SET @saved_cs_client     = @@character_set_client */;
/*!40101 SET character_set_client = utf8 */;
CREATE TABLE `article_type` (
  `id` bigint(20) unsigned NOT NULL AUTO_INCREMENT,
  `name` varchar(100) DEFAULT NULL,
  `category_id` bigint(20) unsigned NOT NULL,
  PRIMARY KEY (`id`),
  KEY `category_id` (`category_id`),
  KEY `article_type_name_idx` (`name`),
  CONSTRAINT `article_type_ibfk_1` FOREIGN KEY (`category_id`) REFERENCES `category` (`id`) ON DELETE CASCADE ON UPDATE CASCADE
) ENGINE=InnoDB AUTO_INCREMENT=45 DEFAULT CHARSET=utf8mb4 COLLATE=utf8mb4_unicode_ci;
/*!40101 SET character_set_client = @saved_cs_client */;

--
-- Dumping data for table `article_type`
--

LOCK TABLES `article_type` WRITE;
/*!40000 ALTER TABLE `article_type` DISABLE KEYS */;
INSERT INTO `article_type` 
VALUES (1,'футболки',8),(2,'классические пиджаки и костюмы',4),(3,'спортивные топы',10),(4,'топы на бретельках',10),(5,'офисные платья',3),
(6,'классические брюки',12),(7,'классические рубашки',8),
(8,'skinny',11),(9,'офисные юбки',9),(10,'спортивные брюки',12),(11,'поло',7),(12,'блузки',8),(13,'худи',6),(14,'casual',4),
(15,'рубашки с коротким рукавом',8),(16,'moms',11),(17,'лонгсливы',7),(18,'толстовки',6),(19,'классические шорты',1),(20,'спортивные шорты',1),
(21,'утепленные куртки',2),
(22,'мини-шорты',1),(23,'casual',8),(24,'свитшоты',6),(25,'casual',1),(26,'юбки в бельевом стиле',9),(27,'юбки миди',9),(28,'юбки мини',9),
(29,'casual',12),(30,'спортивный стиль',4),(31,'водолазки',5),(32,'рубашки из футера',8),(33,'классические джинсы',5),(34,'ветровки',1),(35,'топы свободного кроя',10),
(36,'широкие джинсы',11),(37,'пальто',2),(38,'джоггеры',11),(39,'свитеры',5),(40,'повседневные платья',3),(41,'вечерние платья',3),(42,'плащи и тренчи',2),
(43,'жилеты',2),(44,'кардиганы',5);
/*!40000 ALTER TABLE `article_type` ENABLE KEYS */;
UNLOCK TABLES;

--
-- Table structure for table `articles`
--

DROP TABLE IF EXISTS `articles`;
/*!40101 SET @saved_cs_client     = @@character_set_client */;
/*!40101 SET character_set_client = utf8 */;
CREATE TABLE `articles` (
  `id` bigint(20) unsigned NOT NULL AUTO_INCREMENT,
  `brends_id` bigint(20) unsigned NOT NULL,
  `name` varchar(100) DEFAULT NULL,
  `gender` enum('male','female') DEFAULT NULL,
  `description` varchar(100) DEFAULT NULL,
  `colour` varchar(100) DEFAULT NULL,
  `size_` enum('40','42','44','46','48','50','52','54','56') DEFAULT NULL,
  `article_type_id` bigint(20) unsigned NOT NULL,
  `price` bigint(20) unsigned NOT NULL,
  `quantity` bigint(20) DEFAULT NULL,
  PRIMARY KEY (`id`),
  KEY `article_type_id` (`article_type_id`),
  KEY `brends_id` (`brends_id`),
  KEY `articles_name_idx` (`name`),
  CONSTRAINT `articles_ibfk_1` FOREIGN KEY (`article_type_id`) REFERENCES `article_type` (`id`) ON DELETE CASCADE ON UPDATE CASCADE,
  CONSTRAINT `articles_ibfk_2` FOREIGN KEY (`brends_id`) REFERENCES `brends` (`id`) ON DELETE CASCADE ON UPDATE CASCADE
) ENGINE=InnoDB AUTO_INCREMENT=201 DEFAULT CHARSET=utf8mb4 COLLATE=utf8mb4_unicode_ci;
/*!40101 SET character_set_client = @saved_cs_client */;

--
-- Dumping data for table `articles`
--

LOCK TABLES `articles` WRITE;
/*!40000 ALTER TABLE `articles` DISABLE KEYS */;
INSERT INTO `articles` VALUES (1,1,'dolorum','female','Minus voluptatem dolor voluptatum excepturi magnam omnis. Eos minima a reiciendis quis dignissimos a','blue','52',42,43982,89),(2,5,'et','male','Deserunt soluta tempore voluptatem. Voluptas et sit facere provident. Ut enim nostrum blanditiis.','navy','50',27,19896,47),(3,9,'illo','male','Qui sit dolor in voluptates. Ipsam ipsum mollitia molestiae laboriosam. Eos vel ducimus magnam ut eu','white','48',26,13159,98),(4,10,'sed','female','Sunt natus omnis aut sit corporis corporis est. Sunt provident dolor dolores quia ad esse.','olive','50',44,41102,92),(5,7,'reiciendis','male','Soluta sit assumenda aut iste. Voluptatem qui quia facilis exercitationem quia. Natus molestiae est ','blue','50',3,9451,77),(6,5,'amet','female','Architecto quod quia illo doloribus sed consequuntur reiciendis voluptatum. Vel voluptas distinctio ','black','56',10,21731,81),(7,10,'aut','female','Maiores nisi esse itaque autem ipsam. Aut aliquam voluptatem harum ratione recusandae. Ducimus aliqu','white','48',1,16002,70),(8,7,'inventore','female','Sint reprehenderit blanditiis non et voluptatibus aut eius. Delectus quia laborum quos esse.','teal','48',16,2620,8),(9,6,'nostrum','female','Nam voluptates iste inventore esse nulla aut voluptatem debitis. Illum quis qui a eveniet qui quibus','lime','54',3,13760,31),(10,8,'eius','male','Voluptas commodi alias possimus et dolores minima voluptas non. Ab neque consequuntur delectus est e','gray','42',5,16314,64),(11,10,'commodi','female','Odio et cum aspernatur. Ut repellat reiciendis aspernatur sunt praesentium. Et quidem ipsum est simi','lime','44',25,13283,3),(12,6,'est','male','Architecto adipisci dolorem sed velit laborum. Consequatur necessitatibus earum quibusdam officiis. ','olive','44',16,49270,61),(13,4,'voluptatem','female','Corporis alias magni dolor error voluptas libero. Ut magnam non et. Ipsa commodi facilis sed cumque ','gray','52',29,11655,2),(14,6,'sequi','male','Porro maiores numquam laboriosam maiores ratione repudiandae. Qui molestiae quisquam numquam volupta','teal','50',33,26604,35),(15,6,'et','female','Qui excepturi et vel rerum. Expedita ea culpa aut nam laboriosam enim enim.','yellow','40',9,35258,27),(16,10,'dolores','female','Iure architecto qui aut est. Omnis fugiat ut fugiat molestias aut. Sed distinctio repellat incidunt ','blue','42',25,46429,80),(17,4,'repudiandae','male','Praesentium sed dolore labore nemo odio cum. Aut ut enim qui optio mollitia autem. Iusto nihil error','lime','48',21,24880,55),(18,9,'consequatur','female','Neque quibusdam provident amet. Molestias expedita id nisi veritatis. Modi adipisci quaerat facilis ','white','42',16,39923,7),(19,3,'et','male','Asperiores expedita nemo mollitia. Maiores et fugiat eos debitis enim. Ea velit ea vero quis blandit','black','52',32,30206,93),(20,10,'et','female','Dolores sequi impedit quos eos qui voluptas explicabo. Voluptas cumque dignissimos est incidunt dese','fuchsia','40',39,26809,85),(21,7,'maxime','male','Provident occaecati sunt fugit aut. Quia earum velit quos autem. Cumque quaerat sit libero blanditii','lime','56',40,14197,48),(22,10,'accusantium','female','Eos non ut aspernatur voluptatem officiis repellendus. Ducimus dolorum eveniet suscipit maiores magn','silver','54',35,36281,67),(23,8,'nostrum','female','Cum in qui occaecati voluptatem doloremque et. Earum laboriosam earum laborum quos. Aut nam facilis ','olive','52',40,47438,89),(24,3,'quod','female','Numquam optio praesentium repudiandae enim suscipit corrupti error. Nulla sint dolorem dolorem saepe','green','44',30,19101,41),(25,7,'commodi','male','In autem ut exercitationem dignissimos provident ab error. Illum corrupti enim magnam quaerat debiti','fuchsia','42',1,5543,92),(26,8,'rem','male','Voluptatem in culpa repellendus ipsum maiores. Incidunt adipisci ut aspernatur id. Quia alias a id u','yellow','56',19,46041,82),(27,4,'et','female','Deleniti impedit architecto ea voluptas a quisquam nesciunt. Voluptatum esse sapiente alias. Reprehe','purple','52',19,12656,20),(28,4,'accusantium','female','Mollitia molestiae cupiditate omnis quos provident. Non amet maiores repellat ea est iste sit.','yellow','48',41,45299,78),(29,9,'repudiandae','female','Aut iusto enim et nulla eos nulla temporibus. Dolores voluptates quis et dignissimos quia eum volupt','purple','52',7,37336,79),(30,9,'id','female','Rerum eaque et voluptatum deserunt. Alias quas iste aut tempora laboriosam sequi possimus. Non volup','lime','42',12,41649,94),(31,2,'consequatur','male','Quo corporis et aut non accusantium saepe quia. Quibusdam blanditiis culpa cumque pariatur ut unde. ','teal','54',42,21682,57),(32,1,'odio','female','Provident expedita est est. Molestias autem dolorum impedit recusandae. Aspernatur vel sed quis cum.','maroon','52',6,4250,15),(33,10,'aliquam','female','Doloremque et dolorem aut quibusdam adipisci nemo delectus neque. Consequatur expedita incidunt at d','navy','52',6,41454,68),(34,10,'rerum','male','Voluptatem voluptatem magni quo doloribus quo. Expedita qui iure natus in. Ad voluptatem et ipsa cul','gray','44',3,4349,59),(35,1,'ratione','male','Et qui enim eligendi sed. Sint eum voluptatem animi dolor ducimus eos.','maroon','54',10,42778,42),(36,3,'est','female','Soluta porro vel id odio voluptas. Inventore rerum quaerat voluptatem blanditiis odit fugiat. Volupt','green','48',40,29343,81),(37,8,'commodi','male','Non aut modi eveniet at. Nobis eum dolor explicabo adipisci voluptatem accusamus dolores. Cumque inv','navy','40',28,14410,24),(38,10,'sit','female','Velit assumenda tempora atque sunt et. Impedit ea adipisci harum odit. At in necessitatibus id volup','purple','40',26,20513,16),(39,7,'aut','male','At et eum exercitationem pariatur quia beatae incidunt. Debitis est omnis rerum non. In enim alias s','fuchsia','52',29,33469,97),(40,10,'eum','female','Error omnis voluptatem totam. Tempore expedita occaecati nesciunt ut. Et optio ipsa voluptas officii','yellow','50',3,18843,38),(41,10,'tempore','female','Natus libero nihil eius consequatur consequatur. Commodi eligendi nobis rerum est numquam omnis. Eli','silver','50',5,38301,15),(42,2,'aut','female','Odit et velit magnam dolorum. Nulla cumque qui deleniti. Blanditiis pariatur dolores nihil fuga.','white','52',16,49535,89),(43,4,'quos','male','Optio ut natus eligendi quis est sit. Optio quam voluptatibus voluptates autem. Necessitatibus magni','lime','56',12,18774,72),(44,7,'quia','female','Nesciunt soluta at et aut illum sequi sint porro. Labore aut eligendi sed reprehenderit deserunt ut.','blue','46',16,40857,71),(45,5,'laborum','female','Vel ut ut quos suscipit dolores voluptates. Voluptatem ea dolorem nihil fugit. Adipisci itaque totam','gray','44',27,31831,89),(46,10,'exercitationem','male','Impedit dolorem omnis deserunt expedita placeat et voluptatem autem. Praesentium odio ut aut cupidit','aqua','48',23,5417,79),(47,10,'quis','male','Dolorem aut quis ut deleniti atque sint delectus ut. Unde velit aliquid vel similique quo assumenda ','gray','40',11,31841,35),(48,1,'rem','female','Voluptates beatae magnam et in voluptas. Rerum natus quia beatae quis. Ad soluta enim quas est ab la','gray','54',6,20098,21),(49,5,'sequi','male','Aut ex eum rerum dolor deleniti maiores. Et rerum mollitia quas aut est. Quia incidunt reiciendis is','teal','54',30,35171,15),(50,4,'est','male','Voluptas veniam unde neque autem excepturi at est. Quaerat quam dolores et expedita. Provident quaer','navy','52',31,3190,91),(51,5,'voluptate','female','Iste laborum cum quasi quam velit sint accusantium dolore. Eligendi veritatis eligendi pariatur accu','purple','54',1,22283,68),(52,4,'reiciendis','male','Et omnis eveniet sint harum quo ipsa consequatur. Amet mollitia consectetur laborum quia beatae saep','maroon','54',9,2867,88),(53,2,'ut','female','Architecto dolores cum blanditiis sunt expedita qui molestiae. Velit laborum quos dolorem quaerat es','gray','56',28,40467,66),(54,2,'dolore','female','Qui et non dolore. Non sapiente itaque quasi non beatae. Earum et blanditiis est.','aqua','50',24,11733,52),(55,1,'veritatis','male','Nobis ut et et tenetur dolores. Omnis nobis mollitia et aspernatur aliquam est dolores. Est at itaqu','blue','40',27,17204,47),(56,1,'et','female','Sed possimus voluptates sed voluptatem dolorum qui reprehenderit. Quam a tempora totam. Ipsam ex est','navy','52',16,4665,43),(57,10,'ducimus','female','Vel ut sit quis vero sequi placeat. Non facere et et incidunt. Atque aut amet atque quae voluptas. I','purple','48',25,38630,40),(58,9,'eligendi','female','Rerum deleniti possimus incidunt minima est quasi. Mollitia nesciunt in recusandae quasi sit. Ut min','teal','52',36,25662,95),(59,4,'eius','female','Vitae deserunt nesciunt similique. Nihil est animi nesciunt aliquam. Deserunt autem commodi id.','navy','40',16,21560,61),(60,3,'aut','male','Deserunt id molestiae impedit quod assumenda dicta quae. Itaque at qui corporis distinctio magni qui','silver','42',6,10367,37),(61,5,'id','male','In temporibus nemo optio provident provident ratione aut. Vero et deserunt sapiente ea est enim earu','gray','56',32,34858,66),(62,2,'a','female','Id est eos ex est tempore odio. Et nisi iusto sequi qui ut. Quae aliquid enim ea. Sint cum facere oc','green','50',11,6493,6),(63,5,'nisi','female','Nam aperiam minima nemo sit. Sunt cum modi adipisci itaque necessitatibus eos. Et perspiciatis ut pe','teal','48',35,32299,81),(64,3,'et','male','Id doloribus sit laborum dolores. Facilis qui tempora ipsam consequuntur. Est quos non aut earum vol','fuchsia','44',12,37624,14),(65,9,'qui','female','Omnis dolor reprehenderit id quia voluptatem ut quis. Vel doloremque laborum autem aut et at cumque.','gray','48',22,12617,32),(66,3,'sint','male','Optio sequi dolorum pariatur magni occaecati. Nesciunt maxime aut non aut. Quasi ut dolore aut dicta','olive','52',44,39717,24),(67,9,'est','female','Optio atque aperiam vitae dignissimos asperiores. Error voluptatem possimus est maxime ut. Consequat','maroon','46',15,17831,30),(68,10,'asperiores','female','Beatae delectus corporis distinctio iure fugit. Non error dolorem reprehenderit rerum voluptatum. Au','blue','52',34,22922,91),(69,2,'voluptatem','female','Minima eaque repellat in distinctio repellat exercitationem itaque. Tenetur quo reprehenderit veniam','maroon','50',30,32640,25),(70,4,'dignissimos','male','Dolorem explicabo at ullam veniam. Nostrum ad quo iure placeat sint perspiciatis quo. Suscipit disti','olive','44',6,38062,22),(71,5,'et','female','Inventore ea unde praesentium natus ipsum inventore. Quis id dignissimos nemo labore iure aut occaec','navy','42',33,37156,83),(72,2,'consectetur','female','Doloremque dolore suscipit cupiditate ut suscipit aut. Sint veniam ullam alias voluptates. Nemo laud','aqua','56',4,40635,75),(73,9,'voluptatibus','female','Officia eaque nam quae asperiores. Id deleniti qui unde rerum.','blue','56',3,36117,29),(74,6,'dolorum','female','Aliquam et perspiciatis sapiente neque recusandae. Omnis iusto est iusto blanditiis praesentium. Eiu','aqua','50',3,15212,57),(75,10,'aut','female','Et aliquam velit accusantium eveniet. Quam deleniti aut molestiae necessitatibus.','maroon','46',28,3065,28),(76,6,'dolorem','female','In qui consequatur quia voluptate quis non dolor. Molestias et odio possimus. In atque assumenda ali','purple','56',42,10641,64),(77,9,'consequatur','female','Inventore enim corrupti architecto ipsa quasi sit. Sint nihil aut minima quam nulla libero aut. Veli','purple','48',6,1365,64),(78,1,'numquam','male','Similique ea et quia expedita. Aut quo perferendis voluptatum quod. Libero soluta autem perspiciatis','gray','40',17,43208,67),(79,4,'enim','male','Officia est vero unde reiciendis neque quae libero et. Architecto nesciunt et accusamus sed veritati','teal','44',23,2962,18),(80,4,'qui','female','Vitae officiis ratione quaerat. Culpa dolor officiis provident est doloribus autem. Autem saepe itaq','gray','54',29,40927,20),(81,6,'ad','male','Vitae cumque dolorem exercitationem consequatur. Dolores non non numquam sit ipsam. Autem veniam sed','gray','48',16,13346,82),(82,10,'autem','female','Pariatur consequuntur et consequatur placeat eveniet voluptas. Modi ut ab qui nemo. Eveniet at debit','teal','54',13,16337,10),(83,9,'ad','female','Similique odio qui earum nulla. Sit vel doloribus veritatis ut exercitationem libero vitae atque. Ni','black','48',4,46226,57),(84,10,'molestias','female','Provident qui culpa perspiciatis quam nulla. Velit et porro perspiciatis soluta. Consectetur similiq','yellow','56',31,19198,52),(85,7,'sed','female','Perferendis quis non perferendis recusandae est. Sit et praesentium quia repellendus voluptas offici','black','42',38,45138,18),(86,8,'ea','female','Voluptatem atque et ut sunt. Exercitationem voluptates voluptas corporis et. Quo officia veritatis s','silver','56',44,42275,12),(87,7,'nisi','male','Alias ipsa nostrum dicta ab expedita. Omnis quisquam ipsa odit excepturi eos esse sed.','yellow','54',27,25733,1),(88,4,'velit','female','Quo ea autem neque assumenda ipsa minus ipsa ut. Perspiciatis ut eaque mollitia omnis tempora iure. ','navy','46',40,26194,17),(89,9,'sit','female','Consequuntur est magnam provident eum totam porro. Vel ut deserunt placeat eum id et nobis aut. Aspe','navy','48',1,16230,69),(90,8,'aperiam','female','Error eos libero nobis voluptatem vel. Magni qui sequi enim facere culpa odit. Officia temporibus qu','silver','44',13,19077,82),(91,10,'molestias','male','Quis accusamus est repellendus consequatur tempora minima iusto. Fugit quae vel quibusdam repellendu','blue','50',3,42229,2),(92,1,'quia','male','Voluptatem ut cupiditate mollitia. Ratione exercitationem a et veniam fuga quia.','gray','42',44,3895,28),(93,1,'tempore','male','Qui nostrum nihil qui tempore. Tempore quidem veritatis sit et aperiam officia. Error a et aut ipsa.','lime','54',19,2573,13),(94,8,'reprehenderit','male','Quasi et excepturi est. Cum cum doloremque quo omnis ipsam corrupti ipsa deserunt. Non commodi sed q','teal','48',16,9994,56),(95,6,'animi','female','Provident inventore ut atque non. Repellat est rerum assumenda enim iure et sunt. Quos et aut perfer','fuchsia','46',7,34136,31),(96,10,'ratione','female','Repellat molestiae quo ad itaque nemo. Ut aut illum mollitia sunt. Sed et aliquid sint id. Repellat ','gray','56',2,5311,67),(97,2,'quos','female','Est sed facilis non ducimus nam. Quaerat sapiente alias sunt et atque repudiandae dolore. Sunt venia','green','50',28,23341,76),(98,8,'et','male','Harum iusto magni voluptas eum ipsum labore cupiditate aut. Molestiae quo voluptatem quod eum. Vitae','aqua','42',36,43979,64),(99,1,'quia','female','Possimus est distinctio tempore consequuntur qui sint. Rerum voluptate libero nisi dolores labore. A','fuchsia','54',7,15846,74),(100,5,'illum','male','Atque excepturi qui earum ab expedita et. Nemo necessitatibus voluptatum excepturi voluptatem aperia','yellow','44',41,33727,20),(101,6,'doloribus','female','Voluptatem et modi maxime ab laboriosam odio. Impedit quae dignissimos ea. Velit officiis sint enim ','gray','50',24,2327,10),(102,5,'sint','male','Voluptatibus omnis voluptas nam voluptas est. Sed rerum vitae aut ex quibusdam ut nesciunt sint. Exc','olive','54',24,11626,66),(103,8,'voluptatibus','male','Minima itaque ut hic eos. Necessitatibus maxime deleniti doloremque et. Repellendus alias ea sit vel','purple','50',15,44469,64),(104,4,'qui','female','Aut nobis ut corporis magnam ratione dicta. Quia minus error saepe illo ducimus.','yellow','42',41,31224,2),(105,9,'ducimus','female','Ut eum soluta inventore harum consequuntur. Magni ad deserunt voluptatibus rem consequuntur est. Nih','purple','50',21,21589,71),(106,9,'doloremque','male','Ad repellendus dolorum nesciunt esse quaerat accusamus et quo. Voluptatibus consequatur eos in quis ','lime','56',39,41763,23),(107,5,'ex','female','Ab in ipsam fugit. Rem modi sint odio in. Id corporis illum deserunt non tenetur.','fuchsia','42',8,36320,51),(108,8,'veritatis','male','Et sit omnis mollitia enim. Voluptatem ipsam accusamus aut adipisci itaque. Voluptatem omnis rem ad ','aqua','42',31,37059,67),(109,8,'ut','female','Porro consequatur expedita occaecati repellat. Tempore iusto a sunt quisquam aut minima et. Ea offic','purple','48',17,37875,11),(110,3,'eveniet','male','Asperiores delectus ut deleniti voluptas quaerat perspiciatis. Qui voluptate sint aspernatur et veni','olive','52',27,32034,5),(111,8,'ullam','female','Ea non numquam rerum error at aliquam. Sit ab fugiat ut. Occaecati similique molestias fugiat aliqua','navy','46',13,27521,9),(112,3,'ullam','female','Aspernatur consequuntur voluptatem reprehenderit corrupti error voluptas. Ut a dolorem tempora quaer','lime','54',30,37877,57),(113,2,'repellendus','male','Nulla voluptas rerum dolores veniam consequatur ea. Odio reprehenderit veritatis commodi at et nesci','teal','44',38,4328,77),(114,3,'quia','female','Quidem officia corporis dolores unde recusandae quaerat et. Et nobis officia inventore fugit nam lab','lime','40',26,48056,96),(115,4,'vel','male','Nihil in repellendus eos dolores totam iusto. Deserunt labore officiis minima eligendi distinctio ex','white','50',1,30295,14),(116,7,'provident','female','Enim aut quia rerum nihil molestiae minus. Sit vel sit neque distinctio nam nemo. Non vel nulla assu','navy','46',39,11432,10),(117,5,'et','female','Quae totam deleniti architecto eveniet veniam expedita aut. Velit ullam et delectus voluptatum quasi','purple','44',21,12409,12),(118,1,'et','male','Veritatis autem dignissimos eligendi eum excepturi et vitae. Pariatur aut ut minima velit. Sunt ea o','teal','44',39,4357,22),(119,5,'ipsum','female','Id magnam provident iusto placeat. Ex fugit natus ad aspernatur debitis distinctio voluptas. Et dign','black','42',19,32207,18),(120,7,'porro','male','Debitis et omnis at aut dolor. Impedit cumque est eligendi non dolor. Cumque fuga animi quis accusam','aqua','54',15,47280,33),(121,5,'totam','male','Voluptate consequatur sunt inventore. Quis non dolorum beatae nihil laboriosam non aliquid. Aliquam ','maroon','54',24,4892,69),(122,1,'libero','female','In consequatur ab aperiam veritatis. Est quam optio dignissimos quo earum omnis voluptatem.','fuchsia','56',7,47585,56),(123,3,'molestiae','male','Similique ipsam possimus rem quae laborum. Officiis illum et provident. Nihil maiores id et beatae n','navy','54',21,7863,31),(124,9,'aut','female','Numquam qui porro recusandae quisquam sint autem accusamus voluptatem. Laborum dolor voluptatem even','blue','54',9,13546,71),(125,3,'consectetur','female','Consequatur a inventore quia provident dolorem tempora. Quo expedita ullam totam quia quidem aut. Na','yellow','54',10,4658,73),(126,9,'quisquam','female','Expedita pariatur qui omnis. Recusandae aut excepturi assumenda nulla est totam. Nihil velit eum tot','yellow','54',24,4473,39),(127,1,'at','male','Iure eveniet praesentium quam animi eum doloremque ex. Dolores non beatae ex. Ipsam esse sit et nihi','teal','56',26,37516,64),(128,10,'cum','female','Possimus dolorem omnis debitis ducimus architecto esse incidunt quo. Voluptatem repellat hic quia no','fuchsia','46',23,40899,77),(129,3,'earum','female','Non nostrum voluptatem amet non. Eos enim quisquam officiis modi et voluptatem voluptates.','yellow','48',39,36421,26),(130,2,'in','male','Molestiae omnis id architecto. Illum sunt molestias eum voluptatum incidunt voluptatem ad.','green','54',2,5274,73),(131,4,'laboriosam','female','Eum dolores ducimus voluptas cum qui qui. Illo perspiciatis tempore occaecati autem. Omnis ipsum ali','fuchsia','48',38,4781,90),(132,6,'beatae','female','Nisi eaque doloremque tempora numquam sint quibusdam dolores. Dolor atque qui et natus aut blanditii','gray','56',22,17289,64),(133,2,'commodi','male','Omnis voluptatem velit ipsa dolor dolorum ipsa. Nemo aut vitae molestiae qui et provident perspiciat','white','46',14,22559,31),(134,6,'impedit','male','Incidunt sapiente amet quaerat tempore aspernatur sint dolorem. Non et voluptate rerum. Tempora dolo','silver','56',40,13070,61),(135,4,'sint','female','Dolor quos molestiae corporis quae repellendus. Laborum optio minus eum nobis facilis facere. Dolore','maroon','54',30,10110,71),(136,3,'recusandae','female','Eius vitae nemo quia odit quasi eos. Quasi autem dolor fuga ex architecto beatae dolorem. Aut sint v','olive','54',25,48649,53),(137,1,'est','male','Modi et itaque nemo quia. Repudiandae quam nam sed cupiditate placeat consequatur et. In exercitatio','green','50',11,14340,50),(138,9,'sit','female','Odit occaecati nihil laudantium eius cumque et non. Fugiat a sed aut autem. Delectus temporibus volu','green','54',30,39705,52),(139,6,'dolorem','female','Voluptas eum voluptates recusandae error. Reprehenderit nemo itaque rerum perspiciatis velit. Odit s','yellow','52',12,14984,5),(140,2,'fugiat','male','Accusamus sed voluptatem quia quia ipsa ducimus. Iste earum ut et perspiciatis ipsam reprehenderit. ','fuchsia','42',39,4408,92),(141,3,'debitis','female','Iusto eius quia totam quia dicta cum. Quo quisquam voluptas ex possimus. Error cupiditate tenetur es','white','50',13,7209,39),(142,4,'nihil','male','Asperiores voluptas perspiciatis cum ut. Debitis error quam perferendis exercitationem accusamus con','blue','50',6,8399,25),(143,7,'ducimus','male','Saepe neque id provident modi minima. Adipisci quibusdam ut ducimus molestiae. Repellat rerum rerum ','aqua','42',24,46321,3),(144,2,'quibusdam','male','Sit sed fuga numquam asperiores omnis pariatur deserunt. Asperiores expedita cum ad est voluptatem u','maroon','40',16,44192,82),(145,4,'nemo','male','Eius velit quaerat atque. Sint labore libero libero praesentium deserunt.','lime','46',42,43711,67),(146,3,'nisi','female','Excepturi porro qui aut sunt nulla dolor. Deserunt est voluptatem voluptatibus. Recusandae error omn','maroon','50',42,25627,55),(147,2,'tempora','female','Omnis est et eligendi dolorem eum qui. Dolore et sequi eius sapiente modi vel. Cum autem tempore com','purple','46',13,25846,62),(148,6,'qui','female','Dolore eveniet deleniti facilis aut eum sit. Iusto exercitationem qui doloremque et nostrum.','lime','48',42,8864,53),(149,4,'neque','male','Possimus sed doloremque non expedita. Porro minima explicabo est consequatur. Ullam non possimus ita','lime','54',42,30098,29),(150,6,'ducimus','male','Expedita optio velit fugiat magnam debitis. Distinctio vel explicabo quia excepturi deleniti culpa. ','teal','44',38,47792,94),(151,4,'quas','female','Ut neque aspernatur placeat perspiciatis iure quia saepe. Tempora nesciunt quia a ea ipsam occaecati','black','56',14,3423,74),(152,2,'velit','male','Ut rem est placeat ut dolores cupiditate aliquam. Dolorum odio magnam dignissimos accusantium. Aut v','lime','42',40,44200,68),(153,5,'earum','male','Tempora tempore molestiae quibusdam necessitatibus veniam iusto. Quam in possimus eum et. Saepe perf','blue','54',22,12913,3),(154,6,'voluptas','female','Rem voluptatem sit vero quibusdam beatae. Libero facilis et tenetur enim sunt iusto et. Odio necessi','lime','48',33,7855,99),(155,7,'non','male','Deleniti architecto porro corporis ratione ullam repudiandae. Atque ut quisquam consequuntur asperio','teal','42',38,42937,54),(156,6,'deleniti','male','Necessitatibus quibusdam repudiandae est velit architecto recusandae officia. Iure perferendis sunt ','teal','42',31,47177,38),(157,7,'qui','male','Sed sequi voluptate impedit quo dolores. Beatae enim sit aut voluptas qui aliquam numquam. Aperiam i','yellow','46',44,8154,74),(158,10,'voluptates','female','Neque vel quisquam assumenda illo. Sequi harum commodi suscipit quia a omnis. Deserunt facere nihil ','yellow','46',8,44451,48),(159,10,'sequi','male','Reprehenderit omnis esse enim molestiae quasi. Culpa omnis ut est. Numquam voluptas maxime animi sin','aqua','44',40,6568,85),(160,6,'corrupti','female','Iste quia eum ut quia sint. Asperiores expedita qui adipisci distinctio dolores voluptas dolor maior','blue','52',17,39389,7),(161,1,'atque','male','Id quos voluptatem eligendi ab. Et aut est eligendi vero rerum sint dolores. Autem est exercitatione','silver','42',9,33965,92),(162,6,'debitis','female','Laudantium nobis suscipit velit hic aut quia. Distinctio atque rerum consectetur earum eum eius exce','white','52',2,35838,82),(163,9,'dicta','female','Labore enim doloribus molestiae ut voluptatum. Commodi qui repellat ab aut. Dolores eum odit totam r','black','42',40,22627,17),(164,3,'et','female','Quis sunt et magnam sed corrupti. Molestiae sapiente quaerat ut laboriosam aspernatur ut qui. Conseq','fuchsia','56',43,34058,91),(165,10,'eum','female','Voluptatem deleniti nam quasi eum ea id. Error delectus maxime et. Cumque laboriosam omnis adipisci ','gray','42',33,47936,53),(166,5,'totam','female','Omnis voluptatem illo hic nihil repellendus. Ut eligendi possimus voluptas. Vel necessitatibus ullam','yellow','56',6,32381,20),(167,6,'earum','male','Non autem rerum quia dolores sint quisquam aperiam. Vitae illum rerum a commodi quia possimus vel. D','teal','42',11,34152,3),(168,6,'ea','male','Distinctio tenetur dolorem quam maxime earum error et error. Dolore eum fuga sit et ipsum. Deleniti ','yellow','44',44,11471,16),(169,2,'asperiores','female','Laboriosam quam rerum accusamus et incidunt quo debitis temporibus. Odio enim amet laudantium aut od','yellow','46',40,40091,89),(170,9,'sequi','male','Nobis delectus repudiandae et unde dignissimos. Aspernatur odit sequi facere esse. Optio eum atque l','lime','52',2,10989,71),(171,9,'quibusdam','male','Magnam qui cumque perspiciatis ipsa doloremque. Quo excepturi nihil aut soluta. Mollitia eligendi au','silver','44',36,17391,20),(172,10,'veniam','female','Consequatur omnis doloribus ut autem incidunt non. Iste ut neque aut aspernatur facilis. Eum qui cum','blue','52',31,32082,67),(173,4,'placeat','male','Illum et est facere nisi. Alias est quasi sequi vel illo voluptatibus. In aut in laborum molestiae s','olive','52',36,28793,50),(174,2,'aliquam','female','Et quis beatae aut. Vitae occaecati voluptatem consequatur quo est labore dignissimos. Quis cupidita','silver','50',28,28492,72),(175,2,'sequi','female','Et quis distinctio inventore quisquam id. Voluptas libero qui quaerat tenetur ut nostrum.','gray','50',16,14787,99),(176,7,'unde','female','Quis consequuntur perferendis ipsam quam. Ipsum atque ipsam reprehenderit voluptatem neque et asperi','black','46',2,1383,88),(177,9,'exercitationem','male','Iure ullam sint sint magni enim magni. Maxime excepturi accusamus vitae illum magnam eos dolore. Asp','white','52',1,18051,17),(178,7,'esse','female','Qui debitis ratione consequatur. Aut corporis officia accusantium doloribus velit error. Illum eveni','blue','48',12,2500,39),(179,6,'et','female','Voluptatibus nisi culpa illum iste alias accusamus. Aut ex rem quasi aut et fugit.','green','54',39,12816,34),(180,1,'libero','male','Et at modi minus molestiae. Harum illo pariatur a officiis facere voluptate.','blue','50',10,11695,51),(181,6,'reiciendis','male','Quibusdam aspernatur at nostrum voluptatibus. Maiores ullam dolor non omnis nihil ut nesciunt. Moles','fuchsia','44',10,11213,22),(182,3,'rerum','male','Modi reprehenderit rerum animi sunt. Maiores possimus assumenda non. Ut enim dolore quis iste. Et am','green','52',33,2036,98),(183,3,'blanditiis','male','Iste tempore totam et et. Assumenda quaerat voluptatem exercitationem amet vitae consequatur quo cor','silver','40',18,22664,71),(184,2,'eius','male','Molestias alias eligendi rerum consequatur et et. Doloribus aut ut veritatis ullam enim eos. Et omni','silver','52',18,32061,21),(185,3,'veritatis','male','Laboriosam quasi accusamus aliquam nam suscipit et animi. Aut rerum qui mollitia accusantium dolores','black','54',20,43969,94),(186,6,'itaque','male','Molestias sit nisi ut ducimus aut animi dolorem. At aut debitis sunt ut velit voluptates. Assumenda ','blue','54',43,35595,92),(187,2,'iure','female','Harum numquam consequuntur dolores accusantium. Omnis magni cum eos voluptas repudiandae quam volupt','fuchsia','48',33,43969,77),(188,5,'aut','male','Reiciendis labore facere quis repudiandae. Ducimus molestiae in odio ut. Qui velit libero quia fuga ','silver','46',14,22618,60),(189,6,'quidem','female','Eos in facere repudiandae ipsum ratione. Ipsam dolor dignissimos minima ut. Molestiae sed qui vel pl','yellow','40',16,8030,91),(190,8,'quasi','male','Cum fugit ex molestiae voluptatem ratione in quam. Soluta atque est quidem libero ratione et. Quia f','navy','40',14,31369,48),(191,5,'eos','male','Dolor voluptas aut quaerat ut accusantium quo qui. Odit ut a praesentium velit. Quia eos in repudian','gray','50',40,5241,34),(192,8,'cupiditate','male','Odit asperiores nulla ut sed sed. Culpa quia sapiente velit voluptatem qui. Ad quam sint voluptas er','purple','56',6,42840,18),(193,7,'asperiores','female','Dolor incidunt itaque deserunt nihil recusandae amet delectus architecto. Possimus quidem id quibusd','blue','44',20,39983,32),(194,5,'ad','female','Id rem voluptatem rerum et autem. Qui libero autem commodi aperiam earum sit. Fuga accusantium aliqu','silver','40',10,6217,13),(195,6,'autem','male','Est velit et ullam voluptas. Praesentium maiores dolorem ipsam ut dolores quaerat. Maxime voluptas s','black','48',42,45604,51),(196,8,'eveniet','female','Hic et molestiae dolores laborum magni et. Repudiandae expedita aperiam quis velit maxime ipsa. Comm','gray','50',36,17947,8),(197,1,'ut','female','Rerum nostrum et porro magni quia doloribus. Cupiditate aut optio aliquam omnis exercitationem et. S','olive','54',13,29477,69),(198,4,'dolorem','male','Necessitatibus recusandae labore et deleniti dolores nulla. Nihil pariatur illum dolorem eligendi de','aqua','50',32,6444,19),(199,5,'soluta','female','Aliquid non quibusdam voluptas autem culpa natus id numquam. Veniam laborum dolorem debitis odio. Pr','olive','40',32,30400,28),(200,1,'accusantium','female','Nulla necessitatibus consequuntur facilis a. Eos id rerum occaecati sit. Rerum maxime laborum evenie','navy','40',38,8828,54);
/*!40000 ALTER TABLE `articles` ENABLE KEYS */;
UNLOCK TABLES;

--
-- Table structure for table `bonus_card`
--

DROP TABLE IF EXISTS `bonus_card`;
/*!40101 SET @saved_cs_client     = @@character_set_client */;
/*!40101 SET character_set_client = utf8 */;
CREATE TABLE `bonus_card` (
  `user_id` bigint(20) unsigned NOT NULL AUTO_INCREMENT,
  `created_at` datetime DEFAULT current_timestamp(),
  `discont` bigint(20) unsigned DEFAULT NULL,
  PRIMARY KEY (`user_id`),
  CONSTRAINT `bonus_card_ibfk_1` FOREIGN KEY (`user_id`) REFERENCES `users` (`id`) ON DELETE CASCADE ON UPDATE CASCADE
) ENGINE=InnoDB AUTO_INCREMENT=71 DEFAULT CHARSET=utf8mb4 COLLATE=utf8mb4_unicode_ci;
/*!40101 SET character_set_client = @saved_cs_client */;

--
-- Dumping data for table `bonus_card`
--

LOCK TABLES `bonus_card` WRITE;
/*!40000 ALTER TABLE `bonus_card` DISABLE KEYS */;
INSERT INTO `bonus_card` VALUES (1,'1989-03-24 02:21:27',0),(2,'2000-08-18 12:17:35',20),(3,'2001-08-30 10:01:55',0),(4,'2020-07-19 22:58:27',10),(5,'1970-03-12 12:29:18',0),(6,'1987-05-15 22:00:56',15),(7,'2009-09-26 03:21:44',0),(8,'2018-02-04 08:45:22',5),(9,'1980-04-29 20:41:10',5),(10,'1975-04-04 11:33:11',5),(11,'1997-02-12 10:43:20',10),(12,'2020-08-07 01:48:29',20),(13,'1980-10-02 19:04:33',20),(14,'1996-06-20 08:11:35',5),(15,'1993-12-24 19:29:50',0),(16,'2013-06-05 14:17:25',15),(17,'2010-10-18 18:27:03',5),(18,'1999-07-19 12:39:25',0),(19,'1987-04-29 21:52:19',10),(20,'1998-09-10 03:33:25',10),(21,'2011-04-14 18:23:28',10),(22,'1991-07-01 09:18:45',20),(23,'2000-01-27 17:53:21',10),(24,'1985-10-25 00:07:26',0),(25,'1991-01-03 14:18:40',10),(26,'1986-05-08 10:11:19',10),(27,'1974-08-05 14:02:55',15),(28,'1993-05-17 17:40:58',15),(29,'2016-07-06 14:02:33',20),(30,'1993-03-27 14:18:41',20),(31,'2009-01-25 23:49:21',5),(32,'1986-05-28 07:14:03',5),(33,'2015-09-20 06:38:13',20),(34,'2018-10-26 20:58:41',10),(35,'2002-03-15 23:39:44',20),(36,'1979-02-11 05:49:29',5),(37,'1987-06-18 17:57:47',10),(38,'2007-03-26 00:53:22',20),(39,'1980-11-03 15:34:18',0),(40,'1981-09-05 22:26:40',10),(41,'1993-07-21 16:09:10',20),(42,'1970-09-14 14:37:46',10),(43,'1980-08-28 21:17:14',0),(44,'1995-05-09 09:57:18',5),(45,'2010-08-03 12:44:37',15),(46,'1976-09-10 08:38:01',15),(47,'1997-05-02 16:58:46',10),(48,'1986-04-24 08:53:41',5),(49,'1981-03-28 16:46:01',15),(50,'2015-06-16 12:26:48',15),(51,'2017-04-23 03:47:32',5),(52,'2003-03-27 07:42:29',10),(53,'1974-08-26 17:03:41',20),(54,'2002-07-22 11:13:58',5),(55,'1991-07-09 19:47:13',5),(56,'1978-10-22 02:24:52',20),(57,'1987-12-20 15:30:20',10),(58,'2010-09-09 15:02:04',0),(59,'1979-02-08 03:30:06',20),(60,'1996-09-12 22:22:55',15),(61,'2009-12-12 13:49:00',0),(62,'1987-03-19 00:01:38',10),(63,'1971-03-22 06:31:46',5),(64,'2002-07-27 02:26:51',10),(65,'1971-06-02 11:12:41',20),(66,'2003-01-29 07:53:34',20),(67,'1980-03-10 22:17:27',20),(68,'2020-11-16 13:13:43',0),(69,'1971-09-03 11:13:55',15),(70,'2006-08-13 23:41:07',0);
/*!40000 ALTER TABLE `bonus_card` ENABLE KEYS */;
UNLOCK TABLES;

--
-- Table structure for table `brends`
--

DROP TABLE IF EXISTS `brends`;
/*!40101 SET @saved_cs_client     = @@character_set_client */;
/*!40101 SET character_set_client = utf8 */;
CREATE TABLE `brends` (
  `id` bigint(20) unsigned NOT NULL AUTO_INCREMENT,
  `name` varchar(100) DEFAULT NULL,
  `description` varchar(100) DEFAULT NULL,
  `manager_name` varchar(100) DEFAULT NULL,
  `manager_phone` bigint(20) unsigned NOT NULL,
  PRIMARY KEY (`id`)
) ENGINE=InnoDB AUTO_INCREMENT=11 DEFAULT CHARSET=utf8mb4 COLLATE=utf8mb4_unicode_ci;
/*!40101 SET character_set_client = @saved_cs_client */;

--
-- Dumping data for table `brends`
--

LOCK TABLES `brends` WRITE;
/*!40000 ALTER TABLE `brends` DISABLE KEYS */;
INSERT INTO `brends` VALUES (1,'Will-Rau','Earum qui ut consequatur ratione. Neque impedit voluptatem dolores facere facilis voluptatem ab. Sol','Constance Bailey',9436433964),(2,'Casper-Morissette','Laboriosam ut aut asperiores aut. Fugiat laudantium sit et saepe sint corrupti cum. Et voluptates ne','Floyd Lowe',9594891391),(3,'Bode, Mohr and Hermiston','Illo corrupti ut enim. Voluptas aut aut est nihil veritatis.','Neil Buckridge I',9389538448),(4,'Skiles, Heller and O\'Reilly','Earum nam doloremque odit et impedit occaecati quia. Aliquid libero veniam expedita exercitationem i','Prof. Antonio Marvin',9143550579),(5,'Goyette, Hahn and Morar','Officia voluptatem doloribus sit qui. Totam laudantium quo atque enim deserunt sapiente neque. Eaque','Zoie Durgan',9375511289),(6,'Marquardt-Mueller','Ut delectus quo aperiam quaerat sint. Molestiae et libero ex a earum quis rem sapiente. Et dolorem q','Bell Schroeder',9004176682),(7,'Ankunding Inc','Optio unde ut et quia culpa excepturi consequatur et. Doloremque qui qui voluptatem error quod provi','Novella Emmerich',9946489626),(8,'Graham-Skiles','Ab eligendi eligendi facere laudantium iste alias. Aliquam ut repudiandae eum excepturi quae. Dolore','Prof. Amalia Dicki I',9429227735),(9,'Hermiston PLC','Doloremque sed necessitatibus suscipit dolores recusandae vitae quae. Nulla harum fugiat nulla susci','Hassan Kirlin',9979767661),(10,'Ryan, Eichmann and Gutkowski','Fugit nulla et consequuntur eaque accusantium. Quia aliquam dolore officia aut ut amet. In nisi qui ','Mrs. Kylee Skiles',9454380707);
/*!40000 ALTER TABLE `brends` ENABLE KEYS */;
UNLOCK TABLES;

--
-- Table structure for table `category`
--

DROP TABLE IF EXISTS `category`;
/*!40101 SET @saved_cs_client     = @@character_set_client */;
/*!40101 SET character_set_client = utf8 */;
CREATE TABLE `category` (
  `id` bigint(20) unsigned NOT NULL AUTO_INCREMENT,
  `name` varchar(100) DEFAULT NULL,
  PRIMARY KEY (`id`),
  KEY `category_name_idx` (`name`)
) ENGINE=InnoDB AUTO_INCREMENT=13 DEFAULT CHARSET=utf8mb4 COLLATE=utf8mb4_unicode_ci;
/*!40101 SET character_set_client = @saved_cs_client */;

--
-- Dumping data for table `category`
--

LOCK TABLES `category` WRITE;
/*!40000 ALTER TABLE `category` DISABLE KEYS */;
INSERT INTO `category` 
VALUES (2,'верхняя одежда'),
(12,'брюки'),
(4,'пиджаки и костюмы'),
(8,'рубашки'),
(11,'джинсы'),
(5,'джемперы и свитеры'),
(3,'платья и сарафаны'),
(7,'футболки и поло'),
(10,'топы и майки'),
(6,'худи и свитшоты'),
(1,'шорты'),
(9,'юбки');
/*!40000 ALTER TABLE `category` ENABLE KEYS */;
UNLOCK TABLES;

--
-- Table structure for table `delivery_type`
--

DROP TABLE IF EXISTS `delivery_type`;
/*!40101 SET @saved_cs_client     = @@character_set_client */;
/*!40101 SET character_set_client = utf8 */;
CREATE TABLE `delivery_type` (
  `id` bigint(20) unsigned NOT NULL AUTO_INCREMENT,
  `name` enum('курьер по Москве','курьер по Московской области','самовывоз') DEFAULT NULL,
  `price` bigint(20) unsigned NOT NULL,
  PRIMARY KEY (`id`)
) ENGINE=InnoDB AUTO_INCREMENT=4 DEFAULT CHARSET=utf8mb4 COLLATE=utf8mb4_unicode_ci;
/*!40101 SET character_set_client = @saved_cs_client */;

--
-- Dumping data for table `delivery_type`
--

LOCK TABLES `delivery_type` WRITE;
/*!40000 ALTER TABLE `delivery_type` DISABLE KEYS */;
INSERT INTO `delivery_type` VALUES (1,'курьер по Москве',100),(2,'курьер по Московской области',500),(3,'самовывоз',300);
/*!40000 ALTER TABLE `delivery_type` ENABLE KEYS */;
UNLOCK TABLES;

--
-- Table structure for table `orders`
--

DROP TABLE IF EXISTS `orders`;
/*!40101 SET @saved_cs_client     = @@character_set_client */;
/*!40101 SET character_set_client = utf8 */;
CREATE TABLE `orders` (
  `id` bigint(20) unsigned NOT NULL AUTO_INCREMENT,
  `user_id` bigint(20) unsigned NOT NULL,
  `article_id` bigint(20) unsigned NOT NULL,
  `quantity_article` int(10) unsigned NOT NULL,
  `delivery_type_id` bigint(20) unsigned NOT NULL,
  `status_payment` bit(1) DEFAULT b'0',
  `status_order` enum('active','completed','cancelled') DEFAULT NULL,
  PRIMARY KEY (`id`),
  KEY `delivery_type_id` (`delivery_type_id`),
  KEY `article_id` (`article_id`),
  KEY `user_id` (`user_id`),
  CONSTRAINT `orders_ibfk_1` FOREIGN KEY (`delivery_type_id`) REFERENCES `delivery_type` (`id`) ON DELETE CASCADE ON UPDATE CASCADE,
  CONSTRAINT `orders_ibfk_2` FOREIGN KEY (`article_id`) REFERENCES `articles` (`id`) ON DELETE CASCADE ON UPDATE CASCADE,
  CONSTRAINT `orders_ibfk_3` FOREIGN KEY (`user_id`) REFERENCES `users` (`id`) ON DELETE CASCADE ON UPDATE CASCADE
) ENGINE=InnoDB AUTO_INCREMENT=171 DEFAULT CHARSET=utf8mb4 COLLATE=utf8mb4_unicode_ci;
/*!40101 SET character_set_client = @saved_cs_client */;

--
-- Dumping data for table `orders`
--

LOCK TABLES `orders` WRITE;
/*!40000 ALTER TABLE `orders` DISABLE KEYS */;
INSERT INTO `orders` VALUES (1,56,168,3,2,'\0','completed'),(2,80,49,1,3,'','active'),(3,10,87,3,1,'\0','active'),(4,4,183,4,2,'','completed'),(5,69,185,4,3,'\0','cancelled'),(6,77,70,1,1,'\0','active'),(7,46,154,2,1,'\0','active'),(8,17,98,4,1,'','cancelled'),(9,30,113,1,2,'\0','active'),(10,61,107,4,1,'','completed'),(11,90,140,1,1,'\0','cancelled'),(12,5,47,1,2,'','cancelled'),(13,100,132,4,3,'\0','completed'),(14,64,158,2,2,'\0','active'),(15,57,107,4,2,'','cancelled'),(16,8,9,4,2,'\0','cancelled'),(17,89,87,2,1,'','active'),(18,48,129,1,2,'','completed'),(19,51,86,2,2,'\0','active'),(20,15,96,5,2,'','active'),(21,100,15,2,2,'','active'),(22,58,56,2,3,'','active'),(23,47,111,4,3,'','cancelled'),(24,29,140,5,2,'','active'),(25,35,108,2,3,'','active'),(26,87,175,5,1,'\0','cancelled'),(27,36,29,3,3,'','active'),(28,25,116,2,3,'','cancelled'),(29,28,4,3,1,'','active'),(30,13,77,2,2,'','completed'),(31,92,173,3,3,'','active'),(32,12,102,3,1,'\0','cancelled'),(33,8,148,4,2,'\0','cancelled'),(34,60,186,4,1,'\0','cancelled'),(35,16,1,2,3,'','active'),(36,59,185,2,2,'','completed'),(37,19,61,2,2,'','cancelled'),(38,70,12,4,3,'\0','cancelled'),(39,95,74,3,1,'\0','completed'),(40,81,133,1,3,'\0','active'),(41,69,27,2,1,'','cancelled'),(42,32,68,4,1,'\0','cancelled'),(43,11,130,4,3,'\0','completed'),(44,64,194,2,3,'\0','active'),(45,66,103,3,1,'\0','cancelled'),(46,87,188,1,3,'\0','completed'),(47,8,78,2,1,'','cancelled'),(48,13,71,2,2,'','cancelled'),(49,12,163,2,3,'','completed'),(50,25,161,4,3,'\0','active'),(51,69,36,1,2,'\0','completed'),(52,68,128,2,2,'','completed'),(53,81,192,1,2,'','active'),(54,76,17,3,2,'\0','cancelled'),(55,14,176,3,2,'','cancelled'),(56,17,107,2,1,'\0','cancelled'),(57,15,164,3,3,'','cancelled'),(58,21,64,5,1,'','active'),(59,66,68,2,2,'\0','completed'),(60,80,31,5,2,'\0','cancelled'),(61,52,69,1,3,'\0','active'),(62,36,141,4,3,'','active'),(63,61,114,2,1,'\0','active'),(64,43,102,5,3,'\0','cancelled'),(65,61,122,3,2,'\0','cancelled'),(66,27,152,2,1,'','cancelled'),(67,36,148,3,3,'','completed'),(68,90,114,2,3,'\0','active'),(69,47,143,3,2,'','cancelled'),(70,67,44,5,3,'','completed'),(71,78,179,3,2,'\0','active'),(72,11,115,2,1,'\0','completed'),(73,69,87,3,2,'','completed'),(74,33,167,1,1,'\0','cancelled'),(75,71,171,4,2,'','cancelled'),(76,34,48,4,1,'\0','completed'),(77,5,139,3,1,'\0','active'),(78,77,30,2,3,'','cancelled'),(79,4,21,4,3,'\0','completed'),(80,43,89,2,1,'','active'),(81,21,15,2,3,'','cancelled'),(82,39,156,5,1,'','completed'),(83,9,76,5,1,'\0','active'),(84,60,160,2,2,'\0','active'),(85,88,49,5,3,'\0','cancelled'),(86,98,55,4,3,'','completed'),(87,84,103,5,3,'\0','cancelled'),(88,69,68,3,3,'\0','completed'),(89,91,23,3,2,'','completed'),(90,88,109,5,3,'\0','completed'),(91,19,150,1,3,'\0','active'),(92,90,69,2,1,'','completed'),(93,7,161,2,1,'\0','cancelled'),(94,73,95,2,1,'','active'),(95,45,169,1,2,'','cancelled'),(96,96,162,2,1,'','cancelled'),(97,74,188,3,2,'','completed'),(98,78,35,1,2,'','active'),(99,43,151,3,1,'\0','active'),(100,84,78,3,3,'\0','completed'),(101,98,189,5,2,'\0','active'),(102,17,130,2,2,'\0','active'),(103,41,133,5,3,'','active'),(104,60,55,5,2,'\0','active'),(105,38,111,4,3,'','completed'),(106,83,57,2,3,'','completed'),(107,99,125,3,3,'','active'),(108,22,67,3,1,'','cancelled'),(109,47,96,1,2,'','completed'),(110,13,151,4,3,'','cancelled'),(111,57,71,5,3,'','cancelled'),(112,89,21,4,1,'\0','completed'),(113,9,111,2,2,'','active'),(114,56,97,3,1,'','active'),(115,25,94,4,3,'\0','cancelled'),(116,43,141,3,3,'','completed'),(117,96,27,3,1,'','completed'),(118,37,9,5,3,'','completed'),(119,78,54,3,2,'','active'),(120,79,19,3,3,'','active'),(121,24,78,2,1,'\0','cancelled'),(122,68,16,1,3,'','completed'),(123,19,10,3,1,'\0','cancelled'),(124,46,112,4,2,'','active'),(125,48,70,3,3,'\0','cancelled'),(126,32,142,2,2,'\0','completed'),(127,45,99,2,3,'\0','cancelled'),(128,73,139,5,1,'','cancelled'),(129,40,134,4,2,'','active'),(130,90,123,3,2,'','cancelled'),(131,34,46,3,3,'\0','cancelled'),(132,78,137,3,2,'\0','active'),(133,26,20,4,2,'\0','completed'),(134,77,41,5,3,'\0','completed'),(135,35,5,3,2,'\0','cancelled'),(136,87,27,5,3,'','completed'),(137,33,93,4,2,'','completed'),(138,39,184,2,3,'\0','completed'),(139,41,92,4,3,'','cancelled'),(140,71,98,4,1,'\0','active'),(141,1,12,3,1,'\0','active'),(142,22,197,1,3,'','cancelled'),(143,13,71,2,1,'\0','cancelled'),(144,19,129,3,2,'\0','cancelled'),(145,27,190,2,3,'','active'),(146,91,40,3,1,'\0','completed'),(147,98,198,2,2,'\0','active'),(148,90,22,5,2,'\0','cancelled'),(149,50,53,4,3,'','cancelled'),(150,72,115,2,1,'\0','completed'),(151,34,48,3,3,'\0','completed'),(152,45,160,2,1,'\0','cancelled'),(153,28,76,2,3,'\0','cancelled'),(154,59,145,3,2,'\0','completed'),(155,24,88,4,2,'\0','cancelled'),(156,71,167,4,2,'','completed'),(157,85,17,5,3,'','cancelled'),(158,62,104,2,1,'\0','completed'),(159,84,161,2,3,'\0','cancelled'),(160,88,186,2,1,'','completed'),(161,76,173,3,3,'\0','active'),(162,9,39,5,1,'\0','active'),(163,92,7,1,2,'\0','active'),(164,96,46,3,3,'\0','cancelled'),(165,33,34,3,2,'','active'),(166,20,66,1,3,'\0','cancelled'),(167,9,126,5,2,'\0','active'),(168,56,166,4,1,'\0','active'),(169,26,118,2,1,'','cancelled'),(170,68,22,1,1,'','active');
/*!40000 ALTER TABLE `orders` ENABLE KEYS */;
UNLOCK TABLES;

--
-- Table structure for table `review`
--

DROP TABLE IF EXISTS `review`;
/*!40101 SET @saved_cs_client     = @@character_set_client */;
/*!40101 SET character_set_client = utf8 */;
CREATE TABLE `review` (
  `user_id` bigint(20) unsigned NOT NULL,
  `article_id` bigint(20) unsigned NOT NULL,
  `order_id` bigint(20) unsigned NOT NULL,
  `photo` bigint(20) unsigned DEFAULT NULL,
  `body` text DEFAULT NULL,
  `rating` enum('1','2','3','4','5') DEFAULT NULL,
  `updated_at` datetime DEFAULT NULL ON UPDATE current_timestamp(),
  PRIMARY KEY (`user_id`,`article_id`),
  KEY `article_id` (`article_id`),
  KEY `order_id` (`order_id`),
  CONSTRAINT `review_ibfk_1` FOREIGN KEY (`user_id`) REFERENCES `users` (`id`) ON DELETE CASCADE ON UPDATE CASCADE,
  CONSTRAINT `review_ibfk_2` FOREIGN KEY (`article_id`) REFERENCES `articles` (`id`) ON DELETE CASCADE ON UPDATE CASCADE,
  CONSTRAINT `review_ibfk_3` FOREIGN KEY (`order_id`) REFERENCES `orders` (`id`) ON DELETE CASCADE ON UPDATE CASCADE
) ENGINE=InnoDB DEFAULT CHARSET=utf8mb4 COLLATE=utf8mb4_unicode_ci;
/*!40101 SET character_set_client = @saved_cs_client */;

--
-- Dumping data for table `review`
--

LOCK TABLES `review` WRITE;
/*!40000 ALTER TABLE `review` DISABLE KEYS */;
INSERT INTO `review` VALUES (2,90,84,0,'Qui consectetur laboriosam eum et eum. Fuga sunt odio earum quasi alias. Sed fugiat libero doloremque atque voluptates quibusdam est. Quisquam in numquam et ut deleniti laborum quia.','5','1982-12-01 11:27:31'),(3,94,19,0,'Voluptatem odit eligendi esse et debitis facilis. Et quibusdam sit exercitationem harum tempore. Ipsum nostrum illum nesciunt beatae fugit neque voluptate. Et vitae porro nam veritatis et qui.','4','1996-04-29 00:39:29'),(4,29,154,0,'Corrupti exercitationem est facere. Nulla laboriosam illum enim expedita dolore. Veritatis et animi porro eos quidem. Autem quam sapiente similique sed ut.','3','2000-03-16 11:28:10'),(4,138,2,0,'Alias vel rerum laborum veritatis aliquam doloribus. Amet ducimus commodi pariatur sed aspernatur et.','2','2011-05-07 12:06:45'),(5,69,141,0,'Error atque dolore veniam. Optio quas nam voluptatem tenetur saepe recusandae. Quae veritatis eos amet quam aperiam. Suscipit animi magnam id dolorem.','5','1989-01-24 13:01:43'),(6,137,14,0,'Voluptas ea aspernatur consectetur sed quam officiis. Laboriosam possimus tempore perferendis suscipit provident error. Dolorum pariatur aperiam harum aut.','2','1979-09-09 10:06:44'),(6,173,31,0,'Eveniet nesciunt sed molestiae voluptas quia accusamus qui sed. Ad molestiae aut qui quisquam nisi. Accusantium ullam sed ut libero.','4','1972-12-31 23:59:41'),(7,82,124,0,'Et autem esse quidem vero voluptatem provident. Qui placeat iusto et dolorem. Ex non illum sed pariatur a.','5','1997-06-17 00:23:11'),(7,128,42,0,'Et qui accusamus est eligendi deserunt. Dolores id omnis quo ut. Et eum ab est vero molestiae illum voluptate laudantium.','3','1970-06-01 17:25:27'),(8,117,52,0,'Qui dignissimos ut mollitia autem accusantium quia ducimus. Autem molestiae cumque consequatur et ducimus velit.','3','1972-06-28 17:05:50'),(8,195,92,0,'In rerum doloremque quis temporibus sunt harum accusamus deserunt. Assumenda quo molestiae autem beatae repudiandae. Dolores eaque excepturi ad est tempore quia voluptates.','2','1990-11-14 21:15:39'),(9,87,53,0,'Sunt illum impedit et non suscipit nulla. Et repellat natus culpa autem qui omnis natus. Corporis mollitia rerum at aliquid nobis non.','2','1997-11-30 14:03:47'),(9,119,89,0,'Placeat earum dolorem totam officia voluptatem quo. Delectus sint earum laboriosam nesciunt quasi porro. Qui quidem vel eligendi ullam omnis aut assumenda.','4','2003-04-19 08:06:24'),(10,108,63,0,'Ea eos sit nisi temporibus excepturi dolores. Quia quis alias qui ut fuga culpa in. Iure tempore sit voluptatem unde culpa quam sed. Tempore itaque repellendus perferendis sed.','1','1999-05-11 17:57:14'),(12,3,158,0,'Sed numquam dolorem possimus tempore dolorum placeat. Voluptas et eligendi vel laborum debitis. Dolores aut architecto ut.','1','1995-11-27 18:11:41'),(12,105,155,0,'Qui atque dignissimos occaecati amet nisi nesciunt quam quis. Odit ea cupiditate est dolore corrupti ipsam et. Sint et totam molestiae dolor laudantium facilis.','2','2007-07-08 16:59:08'),(14,171,132,0,'Atque laborum eius nisi tenetur maxime. Ea fuga voluptatem non quia sunt alias. Blanditiis officia eius temporibus vel est sed enim. Incidunt commodi voluptatem odio unde. Odio quia tenetur sit.','3','2018-04-02 01:52:24'),(15,114,53,0,'Perspiciatis et cum occaecati odit illo enim doloremque. Vitae eaque odio incidunt nobis et.','3','1970-12-27 20:21:11'),(16,148,72,0,'Quo autem voluptas quaerat aut est quia. Itaque alias ullam eveniet odio qui porro ea. Aut laudantium quod dolor commodi.','3','1981-09-30 21:42:37'),(16,182,44,0,'Adipisci molestias sapiente tenetur sit illo. Excepturi earum omnis necessitatibus. Sint blanditiis aut odit consequatur rerum qui tempore odit. Labore aut praesentium culpa ipsam beatae facilis omnis.','3','1982-07-22 00:27:37'),(17,107,23,0,'Totam quia neque ducimus voluptatibus. Quos eum commodi itaque. Incidunt facilis sint error quidem iure odio non.','3','1996-05-24 08:56:36'),(17,194,22,0,'Blanditiis quibusdam rem et placeat deleniti voluptas. Eaque in adipisci qui optio omnis ut aut.','2','1991-07-21 01:02:52'),(18,91,42,0,'Mollitia nostrum nesciunt eos pariatur enim qui. Itaque optio optio nisi tempore. Esse quo a autem explicabo quod voluptas aut et. Veritatis occaecati reiciendis veritatis velit.','2','2021-07-13 11:35:00'),(18,93,27,0,'Beatae aut debitis necessitatibus. Odio dignissimos est dignissimos et. Nemo qui est dignissimos. Praesentium iste voluptas repudiandae omnis necessitatibus tempore ea.','1','1990-06-06 14:30:46'),(19,16,22,0,'Minima necessitatibus aut consequatur eveniet. Unde temporibus voluptatibus perferendis sit dolores est. Harum in similique est nesciunt officiis. Voluptatibus et numquam neque enim.','3','1981-04-26 18:29:55'),(19,109,22,0,'Molestiae adipisci voluptas ipsum autem. Quos aut quia officiis aspernatur qui itaque esse. Dicta nostrum dolores sit quaerat est quod.','4','2021-02-22 14:37:59'),(19,146,60,0,'Ea facere adipisci dolores atque explicabo provident. Expedita aut incidunt est fuga. Ut enim nemo consequatur et. Voluptatem nam et aut totam.','4','2018-02-18 10:36:45'),(21,54,104,0,'Et ad ea illo et et velit. Voluptatem omnis rerum neque sunt. Tempora assumenda eligendi officia possimus natus perferendis explicabo voluptatem. Assumenda qui temporibus numquam tempora. A dolorem beatae aut iure suscipit.','4','2006-02-02 02:10:22'),(21,120,158,0,'Similique modi repellat a corporis provident. Nihil et nihil magni quo provident. Et magnam consequatur in dolor. Esse consequatur qui non nemo accusantium est et.','3','2021-04-01 15:04:24'),(21,165,70,0,'Voluptatem ut tempore suscipit rerum rem. Dicta qui reiciendis iste. Error quia ut fugiat ipsum et magni mollitia dolorem.','2','1987-10-22 09:52:09'),(22,69,81,0,'Eaque delectus expedita id et nobis. Totam officiis esse consequuntur quis mollitia. Hic suscipit et unde non rerum deleniti adipisci. Est voluptas officiis dolores nisi.','2','1977-05-01 17:48:37'),(25,171,85,0,'Qui consequatur ea et quos voluptas explicabo. Numquam eum quo quidem nobis aut esse. Aut itaque sequi totam. Eum nihil quia suscipit.','2','2001-05-19 14:23:27'),(26,106,36,0,'Voluptates sit atque temporibus repellendus nam nisi aut iste. Et iure voluptas vel sapiente rerum quae natus omnis. Rerum nisi ut et ipsa culpa dolor. Error aut deleniti numquam est tempore quia quibusdam.','5','2003-02-09 18:22:06'),(26,117,53,0,'Consequuntur earum eligendi nulla vitae quam quia totam. Minus molestias sit recusandae vel et sed placeat. Et id et voluptate cumque eaque magni excepturi.','1','1989-06-06 18:25:04'),(26,156,81,0,'Ipsam minus non eveniet perferendis ullam dolore dicta. Esse perspiciatis architecto porro iure quos. Et ipsum officiis et quam numquam in magnam. Porro reiciendis et qui ducimus nesciunt eaque praesentium.','1','2013-12-28 06:49:43'),(27,19,169,0,'Commodi eos quia quia est ut culpa ab. Est quia error natus aut ullam aspernatur. Minus assumenda id dolorem voluptas voluptatum modi. Soluta nostrum commodi quo ea ab sit. Soluta iusto voluptas et inventore magni.','4','1986-07-08 03:44:41'),(27,158,106,0,'Est ipsam consequatur dolores impedit. Ipsa tempore est incidunt. Autem sapiente possimus perspiciatis. Recusandae minus aut quod sit enim.','3','2007-12-10 23:40:22'),(28,37,132,0,'Quis dolorem soluta voluptatum fugit. Aut porro et voluptatum qui doloribus aut. Cupiditate laboriosam corporis aut quod. Dolores non dicta quia veritatis et.','4','2004-02-14 05:29:20'),(29,39,65,0,'Aliquam nostrum voluptatum qui. Necessitatibus unde tenetur fuga ex eos ut et. Aliquam recusandae saepe ab.','4','2015-10-02 23:27:40'),(29,103,97,0,'Eaque sunt reprehenderit voluptatum qui quibusdam. Quia reprehenderit ipsam eum reprehenderit cum. Eligendi saepe culpa et pariatur doloremque.','1','1980-05-02 06:49:22'),(29,200,137,0,'Quis repellat et velit esse et. Vel aperiam et a est. Atque tenetur nisi omnis. Laboriosam magni occaecati vitae aliquam ut esse iste.','3','2019-01-05 17:57:37'),(30,63,33,0,'Enim sint quaerat officiis dolor dolor ea. Non sit enim magnam quasi vel nulla velit. Minus aspernatur consequatur hic atque voluptas fugit omnis. Nostrum non eos molestias vitae sit tempore.','4','2002-07-23 15:40:52'),(30,146,147,0,'Sapiente est totam totam et consectetur. Quos iste sed voluptas similique corporis maiores sit assumenda. Odio sed eum ut tempora quibusdam.','3','2019-09-01 19:39:48'),(31,100,162,0,'Placeat et corporis harum perferendis est. Id numquam aut iste magnam exercitationem quis consequatur. Aut quo id ipsum nemo. Officiis et vitae pariatur nam aut sed et quaerat.','2','1994-12-08 03:10:16'),(31,167,42,0,'Ea fugit delectus tenetur sit autem. Et aliquam placeat non rem earum saepe earum. Accusamus commodi ipsa est sequi omnis ea.','3','1984-07-10 02:42:04'),(32,60,40,0,'Vero aut officia laudantium fuga qui. Voluptatem minima beatae maxime explicabo ea. Nostrum voluptatem error nisi illum est. Fuga dolor praesentium quia quis ut.','5','1988-07-04 04:53:07'),(32,83,125,0,'Minima repudiandae eum aut nisi. Culpa velit id eaque ratione assumenda aut. Ut qui aliquam debitis et totam. Et voluptatum rerum deleniti voluptas qui.','1','1988-03-16 05:33:58'),(32,194,130,0,'Nihil facilis dolorem officia repellendus quo odit. Sint magni cupiditate aut et voluptates.','3','1999-01-28 12:22:07'),(35,182,138,0,'Consequatur et recusandae sit molestiae. Ipsam illo molestias rem quibusdam accusamus consequatur. Deleniti dolor est quidem enim.','2','1976-06-11 20:09:10'),(36,1,38,0,'Et est dolores sed voluptatibus. Atque repellat maiores dolores qui. Facilis ipsum in architecto ipsam.','2','1981-09-12 05:33:50'),(37,33,93,0,'Eos sed fugit consequuntur illum et occaecati. Tempora voluptatibus illum occaecati atque ut. Vero et voluptas quia quia. Vero explicabo rerum distinctio.','4','1972-09-18 18:15:52'),(38,58,141,0,'Reiciendis dolorem et cum in dolor dolores alias enim. Sequi occaecati sed in quia ut quis. Magni omnis cumque eius id. Itaque voluptatum beatae est iusto et voluptatum quod.','3','1979-07-30 05:59:11'),(39,87,124,0,'Laborum aut soluta molestiae accusamus earum consequatur. Minima error tempore facilis quod deleniti sint corporis. Repellendus itaque accusantium neque modi aut quasi quia. Repellendus minima minima voluptatibus delectus.','3','2001-10-20 08:51:59'),(41,9,27,0,'Id tempora consequuntur nostrum aut in. Nesciunt dolorem dignissimos velit porro occaecati architecto. Ab minus maiores suscipit. Voluptate fugit aliquam qui accusamus soluta.','3','2020-03-23 14:30:37'),(41,26,138,0,'Est est nam est id omnis enim. Praesentium est amet dolorem voluptas nostrum. Totam sed iusto eius vero nam nisi dolorem ea. Maiores aliquid repellendus odio necessitatibus sed.','5','1976-07-22 21:58:32'),(41,93,73,0,'Blanditiis rerum error voluptatem ut. Eos id facere quia rem nobis at. Odio quidem repellat omnis eos adipisci dolorem cum. Ea nihil voluptates nostrum nesciunt nihil rerum.','2','1986-03-22 00:07:00'),(41,192,57,0,'Rerum repudiandae sed consequatur iusto. Ut laboriosam earum eaque et dolor non. Qui dolores temporibus porro. Aperiam magni voluptas sunt quas nulla maiores explicabo.','2','1985-03-05 09:08:30'),(44,31,51,0,'Unde accusantium iste enim numquam deleniti totam inventore. Harum libero numquam sit magni quis sunt atque nihil. Maiores quibusdam id corporis nemo eligendi culpa.','2','2019-09-22 10:21:08'),(44,32,117,0,'Officia et illum dicta nisi et dolorem qui quam. Sunt repellat ratione blanditiis quas neque a ipsa. Dolorem aut porro ullam voluptatem aspernatur.','2','1978-05-16 21:55:04'),(44,147,133,0,'Ut illum commodi consequatur blanditiis recusandae voluptatibus et. Dolorem et mollitia maiores et est. Ut fugit necessitatibus aliquid quasi.','4','1996-01-31 16:19:27'),(47,118,92,0,'Asperiores ipsam eum et dolore. Ex ut est et ut quibusdam vero omnis. Voluptatibus et eos ex quod qui corporis.','5','2008-06-24 18:33:36'),(47,152,95,0,'Necessitatibus et quidem adipisci accusantium. Accusantium et aut qui ut. Vel impedit rerum quo praesentium corporis exercitationem consequatur.','2','1997-08-25 12:30:35'),(50,48,167,0,'Mollitia aut mollitia recusandae aut illum necessitatibus veritatis. Temporibus dolores vel modi suscipit nihil qui qui ipsa. At eos ducimus labore voluptatem molestiae.','3','2019-11-07 02:32:04'),(51,48,129,0,'Et similique aspernatur ullam sint sit omnis aut. Tempore qui sunt recusandae eos perspiciatis. Est non occaecati accusantium nostrum non ut. Neque quae dolorem et dolores.','1','1997-10-14 08:55:28'),(51,132,102,0,'Dolores tempore assumenda alias quis. Unde consectetur maiores quae odio. Ut ipsam commodi neque eos.','3','2005-06-09 06:09:20'),(53,10,3,0,'Autem suscipit ipsum non et. Ipsum voluptatum id placeat maiores voluptas aut vero. Voluptatem ea nesciunt soluta omnis voluptatem. Et quisquam odit unde et iusto iste esse ut.','5','1988-12-22 16:39:17'),(56,111,25,0,'Quis est occaecati consequatur aperiam. Repellat ipsum similique quibusdam. Non voluptatibus incidunt consequuntur dolorem quam occaecati minus suscipit. Consequatur omnis et unde rem omnis. Itaque atque sed sit aliquam.','5','1985-03-27 11:53:59'),(56,188,88,0,'Minus ipsa et dolores sit consequatur. Ex expedita unde optio dolores quas quia. Culpa amet ut dignissimos distinctio. Molestiae pariatur perspiciatis sit.','1','2012-04-30 15:58:19'),(57,33,106,0,'Voluptas mollitia quod quisquam laborum dolorem tempora. Sint dicta est dolorem sit amet praesentium fugit. Ipsam accusantium inventore illum quo est velit aspernatur.','1','2018-12-22 16:24:30'),(58,125,117,0,'Veritatis recusandae asperiores voluptatem quia quos aut molestiae. Veritatis quaerat deserunt voluptate consequatur rem. Illo atque esse dicta voluptatem a iusto non. Quis incidunt dolore doloribus architecto aut ea ducimus ut.','2','1986-12-19 20:56:19'),(58,135,110,0,'Vitae et eum at nulla. Ut dolorum quia magni incidunt. Quas sapiente magni quas sint praesentium suscipit quam.','4','1979-04-24 03:56:37'),(58,163,166,0,'Adipisci delectus dicta id dolore minus a. Doloribus velit ex distinctio perferendis delectus id et natus. Est molestiae et vero praesentium aut iure. Ut consectetur illo esse ipsam officiis dolores sit veritatis.','4','1971-07-23 03:08:59'),(59,26,32,0,'Quia totam dolor totam minus. Recusandae rem illum voluptas nihil autem ut. Commodi ab minima rem debitis laborum rerum quos.','1','1976-05-15 18:55:23'),(60,75,67,0,'Dolorem dolor ipsum rem qui laborum accusamus. Ab voluptate quia quidem repellat nemo possimus ut eligendi. Dolor quaerat qui et ut sunt aliquid illo. Error quidem et expedita facere. Quia dicta molestiae ut dolore.','1','1999-10-07 01:30:32'),(60,175,146,0,'Vel porro quam deleniti et provident. In natus pariatur aut voluptatem tempora. Reiciendis incidunt fuga sapiente ipsa pariatur. Commodi ad molestiae quia vel ut totam sit.','2','1976-05-16 15:26:37'),(60,191,38,0,'Dolorem occaecati et modi iste provident. Dolores quaerat mollitia nobis aliquam eum. Ut commodi iusto sunt ad. Maxime dolores dolorem ipsa eveniet dolores dolorem.','2','1975-10-22 14:22:45'),(61,188,161,0,'Sunt ipsum provident expedita accusamus fugit ab libero. Voluptas at et beatae ullam alias in vel. Laudantium suscipit et voluptates quisquam ipsa. Eveniet molestiae et fugit illum.','3','1972-10-25 00:14:09'),(62,95,121,0,'Iure voluptatum tenetur est. Rerum perferendis earum voluptas rem. Consequuntur est quo quas maxime unde distinctio delectus.','1','2022-04-18 09:51:23'),(63,31,146,0,'Ipsa quis impedit id aliquam. Necessitatibus asperiores dolorem molestias consequatur adipisci aut nesciunt. Quas molestiae aut ea ipsam et.','1','1981-05-30 05:48:23'),(63,79,23,0,'Dolores consequatur omnis eum consectetur inventore est. Aperiam ex laborum quia aliquid iste. Velit nisi explicabo architecto non animi deleniti. Nulla voluptate voluptates repellendus impedit.','3','1974-08-05 19:29:35'),(63,104,13,0,'Quibusdam odit aspernatur aut ut incidunt. Quia et quia enim neque aut eveniet. Sapiente enim vitae quasi occaecati voluptate delectus.','2','2019-03-11 23:11:58'),(64,86,154,0,'Et unde animi sunt et. Velit aut soluta quas placeat et.','2','1999-08-14 13:43:10'),(64,167,96,0,'Commodi ea minima et. Eaque qui nihil asperiores quae velit laboriosam voluptatum assumenda. Excepturi animi reiciendis distinctio aut quia unde atque. Maxime voluptatem nulla consectetur.','3','2013-06-14 03:40:11'),(64,173,101,0,'Voluptatem et suscipit eos ea dignissimos voluptas. Velit illo nisi dolor expedita nostrum. Aperiam et ducimus animi. Nam suscipit omnis dicta itaque iure adipisci libero. In et inventore dolor sint aut exercitationem.','2','1996-08-02 14:41:43'),(65,39,167,0,'Et est dolorum et dolorem. Officia laudantium est suscipit aperiam labore non. Qui voluptatem reprehenderit facere nobis cupiditate expedita.','2','2001-02-12 18:27:36'),(66,18,57,0,'Aliquid explicabo eligendi tenetur inventore veniam. Aut et dolore error cumque sapiente. Omnis ipsam dolores alias.','1','2002-03-31 05:19:13'),(68,120,42,0,'Nihil explicabo et vel qui qui. Iste possimus enim ea velit in esse sint. Iure nobis qui est expedita aut atque architecto.','3','2003-11-13 13:31:32'),(68,125,3,0,'Corrupti iste veritatis aut soluta doloremque eum. Est itaque quae sed. Doloribus laboriosam natus ratione quisquam error eum doloribus iste. Labore accusamus necessitatibus dicta atque distinctio aliquam quaerat.','5','1995-12-18 01:25:06'),(68,135,163,0,'Dolores perferendis quasi sed repudiandae. Itaque tempore reprehenderit nihil odit possimus iusto. Quae doloribus quis dolores assumenda rerum.','2','1978-03-25 16:10:27'),(69,196,43,0,'Nihil aut provident accusamus quis et soluta. Corrupti et rerum quaerat ipsa consequatur sunt. Vitae id voluptas nisi molestiae recusandae aliquid.','3','2023-03-30 08:52:35'),(70,160,122,0,'Et ea provident facere iure perspiciatis. Aut explicabo sequi repellendus possimus nisi voluptatem. Ea explicabo enim voluptatum suscipit ducimus.','1','1985-08-27 00:20:36'),(71,128,58,0,'Doloremque eum sed repellat ad assumenda velit. At repudiandae officiis porro consequatur. Aspernatur quia et nostrum. Voluptatem est rerum quia vel et non rerum.','4','2012-05-18 06:56:31'),(71,196,39,0,'Illum ut excepturi temporibus a vitae totam. Quos ea reiciendis non deserunt consectetur sit voluptatum debitis. Aut adipisci maiores dolores quas expedita quia nihil.','3','1978-02-24 05:55:26'),(73,74,13,0,'Omnis possimus numquam autem quidem repellendus numquam sit. Omnis tenetur placeat maiores maiores quidem natus. Veritatis nostrum error nihil vel aut doloremque explicabo. Aut ut et nemo quo.','5','1975-03-18 04:51:02'),(75,38,57,0,'Assumenda libero nihil aspernatur sunt maiores id. Suscipit rerum ut vitae dolores et. At libero est iusto. Laudantium est illum sint est officiis consequatur perspiciatis qui.','4','2021-02-26 06:13:51'),(75,76,110,0,'Fuga ducimus ipsam numquam suscipit. Repudiandae reiciendis fugiat quae. Vero vero quos assumenda nam sunt.','1','1993-12-17 03:54:31'),(76,119,160,0,'Et velit quod commodi deserunt. Eligendi rerum molestiae ut quibusdam. Tempora dolorem sit minus minus voluptatem aspernatur ut. Omnis at officia voluptatem modi.','2','1974-05-30 05:49:30'),(77,78,84,0,'Mollitia voluptas maiores perferendis accusantium adipisci. Quisquam tempore cum earum nemo molestias. Vel a quia aut quibusdam praesentium suscipit rem. Blanditiis fugiat dolore qui ut eius quasi.','3','1982-04-26 06:03:08'),(77,172,90,0,'Aliquam maxime tenetur quidem debitis veritatis. Reiciendis reiciendis earum dolor enim perspiciatis ex. Vel ut et sequi odio.','3','2019-03-13 22:44:05'),(78,92,150,0,'Molestiae similique sit ut ipsum consectetur. Dolorem voluptatem praesentium cupiditate alias ad. Quis sunt aut doloribus enim cum assumenda.','5','1972-03-04 22:59:31'),(78,145,80,0,'Tempore non minus necessitatibus perferendis. Voluptate molestiae sed ut aperiam reprehenderit. Laborum itaque rerum ea.','2','1999-05-18 04:59:48'),(78,176,133,0,'Et distinctio aut quidem blanditiis consectetur quisquam voluptatem. Quis doloremque repellat omnis et nostrum non omnis molestias. Nobis suscipit alias molestiae id. Consequatur velit ut nihil.','3','1989-01-04 22:07:50'),(79,189,29,0,'Voluptas libero eum quia non perferendis illum. Dolore aut et doloremque est laboriosam repellat. Dolorum enim quae incidunt iure neque iste maxime. Dolore perspiciatis optio enim laborum velit et perspiciatis voluptas.','3','2023-03-28 11:05:27'),(81,44,9,0,'Perferendis minus voluptatem voluptatum aut. Delectus quaerat deserunt et placeat fugiat. Consectetur ut dolores eius vel asperiores animi qui. Est laborum quia reprehenderit.','5','1988-02-21 22:53:42'),(81,53,138,0,'Suscipit sit et laborum eligendi qui. Vitae est sed ullam aut rerum dolorem asperiores natus. Error et tempora eos nihil.','5','2003-04-29 00:35:37'),(82,178,40,0,'Accusantium est iure atque et impedit ut dolorem. Inventore earum placeat et non rerum rerum. Culpa quod voluptas ea ea enim quo temporibus. Expedita aut quia ea porro aliquid ratione necessitatibus.','5','1975-08-23 18:45:47'),(83,163,6,0,'Quaerat molestiae consequatur unde sed. Autem sit sunt magnam nihil quod. Qui ad facilis rerum est sunt. Molestiae mollitia a magnam blanditiis quia consequatur dolorum.','5','1979-12-23 20:27:54'),(83,198,167,0,'Atque quo qui aperiam aut. Ducimus molestiae ut ut. Qui a sapiente quidem commodi.','4','2014-04-26 12:34:55'),(84,5,80,0,'Deserunt rem et eligendi sit dolorem. Vel fugiat porro unde tempore eius ea soluta fuga. Est et porro quae non.','2','2003-09-13 16:20:22'),(84,90,12,0,'Harum aut fuga quasi aut excepturi et qui. Voluptatem adipisci enim sint autem. Aut harum exercitationem amet. Aut aspernatur et dolore ea et sapiente.','5','2006-03-13 22:04:49'),(85,109,98,0,'Inventore aut omnis dolorem sed aut architecto. Eum facilis nihil sapiente praesentium aperiam et rerum. Est quisquam nihil id omnis. Id id magni est molestiae eaque repellendus et at.','4','2014-02-27 14:58:51'),(90,63,75,0,'Cupiditate nisi magnam consequatur temporibus enim quos quia repellat. Repellat ea consequatur labore non. Omnis esse totam hic deserunt nulla reiciendis.','2','1977-04-11 08:56:59'),(90,103,63,0,'Ut dolorem enim tempore doloremque est. Eveniet ratione voluptates voluptatem ut cum ex labore. Labore dolorem quo sapiente corporis qui aut.','4','1987-06-29 05:04:59'),(90,177,78,0,'Ea cumque sed facilis architecto rerum eveniet. Ducimus amet minima illum ea cum vitae numquam. Maiores dolor deserunt et omnis adipisci saepe est. Cumque voluptatem illo reprehenderit illo id voluptatum laboriosam.','5','2016-08-19 09:22:03'),(91,5,62,0,'Dignissimos praesentium explicabo quia non. Occaecati molestias ab numquam nobis in ducimus porro. Facilis voluptatem consectetur quos dicta a rem beatae.','4','2019-04-30 06:26:19'),(91,135,51,0,'Recusandae voluptatibus animi beatae optio laborum aut. Alias laboriosam asperiores molestiae sit voluptas. Non ex est a eum quia. Est veritatis voluptas sint molestiae aut sint ducimus.','1','1988-12-25 23:45:28'),(92,50,104,0,'Et eum illo quos dolores error. Ex quidem natus incidunt ad eum mollitia. Vel quia perspiciatis necessitatibus id ratione.','2','1977-08-18 04:53:39'),(92,115,152,0,'Voluptates nulla autem dolor qui corporis. Qui qui beatae ad repudiandae. Rerum quos eaque dicta pariatur. Atque quia cum id natus vel voluptate optio. Incidunt nobis et placeat quia et consequatur.','4','2019-11-03 08:33:37'),(92,196,133,0,'Incidunt fugit sit dolor odit soluta dolores voluptas eos. Dolores aut et dolor necessitatibus. Voluptatem quisquam ipsum et animi.','3','1982-01-01 10:12:22'),(93,77,81,0,'Sint qui incidunt ut laboriosam. Vero et adipisci illo et ullam aut voluptas.','4','1989-10-01 14:14:07'),(93,89,101,0,'Voluptas est exercitationem maiores reprehenderit cum corporis. Ducimus quis consequatur in et. Aut ea voluptatem iusto.','4','1986-09-08 10:56:14'),(95,28,18,0,'Aut quia possimus incidunt enim. Aut dolor quod quae quod quia unde. Impedit tempore est at enim dolor et.','5','2018-03-22 13:03:49'),(95,45,12,0,'Commodi quibusdam animi rerum quae explicabo ut ipsam. Explicabo porro et ratione expedita itaque eos voluptatem. Neque sapiente non sed sint non iusto rerum.','4','2013-07-16 15:08:28'),(96,115,40,0,'Eos quod ut qui quibusdam eaque. A aut repellat consequuntur quae rerum sint. Facere eum odio ipsa consequatur in.','1','2006-08-20 07:25:55'),(97,165,31,0,'Necessitatibus inventore expedita veritatis veniam ut eligendi. Id nemo voluptatem et velit quas rerum. Est necessitatibus ut earum fuga velit dolores. Id libero consequuntur est. Molestiae a sed sapiente sed libero ea.','4','2010-02-02 18:35:54'),(99,97,108,0,'Omnis explicabo est ut quidem eum excepturi fuga officiis. Est quod laboriosam unde rerum. Omnis ut dolores non. Ut unde nesciunt laudantium ipsum sit sit at asperiores.','3','1973-09-08 04:28:08'),(99,182,164,0,'Vitae est eum dolores doloremque earum et rerum. Facere sed aut debitis accusamus. Temporibus molestias voluptatibus nostrum ipsa ullam illum.','5','1987-11-03 02:47:36'),(100,62,48,0,'Non alias ipsum ullam ut cupiditate dolorem omnis. Quia est ut mollitia necessitatibus nihil earum. Aut omnis quisquam quas molestiae impedit quasi temporibus ut.','3','2014-05-01 06:12:45'),(100,190,161,0,'Enim sed odit sed. Ipsa assumenda excepturi est rerum dolorem. Eligendi ex et et ut ex molestiae. Quos illum amet qui. Est culpa aperiam sint.','2','1975-08-28 03:15:02'),(100,200,14,0,'Dolorem est hic veritatis nisi rem. Voluptatem et sequi dolores non impedit ab deleniti similique. Ut quis dignissimos ratione et sit. Nam doloribus facere ea ipsam dolorum corrupti.','5','1971-09-11 02:23:59');
/*!40000 ALTER TABLE `review` ENABLE KEYS */;
UNLOCK TABLES;

--
-- Table structure for table `users`
--

DROP TABLE IF EXISTS `users`;
/*!40101 SET @saved_cs_client     = @@character_set_client */;
/*!40101 SET character_set_client = utf8 */;
CREATE TABLE `users` (
  `id` bigint(20) unsigned NOT NULL AUTO_INCREMENT,
  `firstname` varchar(100) DEFAULT NULL,
  `lastname` varchar(100) DEFAULT NULL,
  `email` varchar(100) DEFAULT NULL,
  `password_hash` varchar(100) DEFAULT NULL,
  `phone` bigint(20) unsigned NOT NULL,
  `birthday_date` date DEFAULT NULL,
  `created_at` datetime DEFAULT current_timestamp(),
  `is_deleted` bit(1) DEFAULT b'0',
  `gender` enum('male','female') DEFAULT NULL,
  PRIMARY KEY (`id`),
  UNIQUE KEY `email` (`email`)
) ENGINE=InnoDB AUTO_INCREMENT=101 DEFAULT CHARSET=utf8mb4 COLLATE=utf8mb4_unicode_ci;
/*!40101 SET character_set_client = @saved_cs_client */;

--
-- Dumping data for table `users`
--

LOCK TABLES `users` WRITE;
/*!40000 ALTER TABLE `users` DISABLE KEYS */;
INSERT INTO `users` VALUES (1,'Ebony','Barton','hheathcote@example.org','7b20493468856780019d18113a55af93b9ce22d2',9313772464,'2003-07-12','2020-09-16 09:40:10','','female'),(2,'Alexander','Hegmann','zion.flatley@example.net','418b2d02e38dfff23869f8b9f59b960658133e4f',9649067115,'2016-09-23','1972-05-23 14:08:11','\0','male'),(3,'Wyman','Nicolas','maximo31@example.org','fda19ae358dbc07ff572e68be384ce4aba77d04a',9728109808,'1976-07-17','2002-09-14 06:48:46','\0','female'),(4,'Hortense','Swaniawski','mann.kaleigh@example.org','40c136e2f13c895bca7666b5f8599ce4b1206316',9857116764,'1981-08-02','2009-12-20 09:52:42','\0','female'),(5,'Janet','Klein','kelly.williamson@example.org','57a46f10c1f6f4629e318f2b1cf487dc23170221',9576002728,'2001-10-19','1975-12-30 23:42:49','\0','male'),(6,'Tyshawn','Ortiz','waelchi.muhammad@example.net','7382e68ca84cf2971962dfa16394b02b5496f2d7',9287042674,'2010-12-04','1985-02-26 02:08:48','','female'),(7,'Rhiannon','Denesik','darlene08@example.org','d7a6217f6f21a0a13a690fa6f39209be2ae94a6d',9096814953,'1999-11-05','1985-05-31 03:09:37','','male'),(8,'Modesta','Raynor','oma78@example.org','0ed75c6098ba0ed58f2a9f77b65b5ffa53414ff5',9363357458,'2012-03-05','1995-06-06 23:35:32','\0','male'),(9,'Dominique','Ziemann','rdonnelly@example.org','6c7db102f4bb75abd9922af7f0311d495d02b3f6',9580863306,'2008-05-24','2004-06-03 18:05:35','','female'),(10,'Aliya','Cronin','carolyne.sipes@example.net','aa6af6336ecdde755068dba527b137330b2aafb9',9900175435,'1985-07-10','2016-09-03 16:09:48','','male'),(11,'Otha','Spencer','chanel08@example.org','e8fdcb377ecec3b9bb601074f964e6ca0d1e4a7c',9037256800,'1996-11-24','1973-02-04 20:17:38','\0','female'),(12,'Karine','Reichel','bruen.kamille@example.net','769ea25a2fa789e294b1c0892e2fee01d2e1ae68',9506309938,'1992-01-29','1975-07-21 11:57:20','','male'),(13,'Ladarius','Howell','minerva75@example.org','6e348ef5a7228c5368c7ef2e20031a04fca1f045',9119208850,'2013-11-06','2009-07-07 08:40:07','','male'),(14,'Claudie','Buckridge','stoltenberg.hubert@example.net','c2893d66509b562b6a9dbf319247ef78b6315c8b',9152816307,'1988-03-09','2005-03-07 16:39:03','','male'),(15,'Ezequiel','Rohan','jamel46@example.net','5568ddd19ea1d8f27ebd6ce7422a62e74bdb99ec',9263655271,'1995-02-04','2020-12-29 13:51:59','\0','male'),(16,'Nettie','Zieme','bailee43@example.net','bc4b427728e49bbce90486ae9e1955410c20ec30',9355402376,'2004-07-21','2008-10-07 14:14:55','\0','female'),(17,'Kira','Aufderhar','oma.nikolaus@example.org','75182c65e6f1cf8f302abc01aebf0ab5ffc59f24',9292886343,'1978-09-24','2013-11-26 07:33:09','\0','female'),(18,'Everette','Mayert','lavina49@example.org','49754f25794213ac6c7204984b1cce3fca2ba702',9523803851,'2000-06-28','1974-02-17 17:39:10','','female'),(19,'Darien','Rodriguez','sophie.jerde@example.net','407e9972c9fe6b4b8be1fe0844623bb288400ef4',9743292775,'2000-08-21','1994-02-11 18:13:15','\0','female'),(20,'Delphine','Homenick','maye.schulist@example.com','577fc4011b8d4ba3ecd043cabf6a985365db8072',9856638925,'2014-10-21','1971-05-26 22:11:35','','male'),(21,'Maxime','D\'Amore','lucie.lind@example.com','8625a426877c9f275189eba572d49ff076174676',9019162147,'1971-04-17','2021-10-04 06:37:14','','male'),(22,'Retha','Schmeler','yost.lexi@example.net','0e4829b0988955d9cb853f7e2cab1d81fb59738b',9292289155,'1997-05-12','2002-10-01 13:18:56','\0','female'),(23,'Earline','Stracke','htrantow@example.org','ba986545f5b39778dab3e4a9d3fd1ac8330c0a4e',9380516905,'2013-05-16','1998-03-12 02:22:17','','female'),(24,'Joanie','McGlynn','ewald22@example.org','6e94cf22c2dcded9def01dacc0ac773d125f3f2a',9308671769,'1991-12-09','1980-03-25 09:06:31','','male'),(25,'Frankie','Lubowitz','waelchi.sabrina@example.net','dbc7a774a98e11b6306728ffdcd3d6c92df19c3c',9253144045,'2008-12-21','2013-10-23 17:52:46','','male'),(26,'Samir','Gislason','predovic.sadye@example.com','79c81961e4e71701650e505ea5fc7651a9c90f41',9742280376,'1988-02-25','1990-08-19 08:48:06','','female'),(27,'William','Bartell','schroeder.annetta@example.org','68f9114106261db5189986039f7d814a2ad8813e',9491342460,'2013-03-15','2021-05-10 18:59:37','\0','male'),(28,'Cielo','Donnelly','nash.ruecker@example.org','71d6d911440df729c64be20a587afbbcf0ff692f',9601672237,'1992-12-22','2002-01-18 08:19:02','','female'),(29,'Jannie','Fahey','orlo.jacobs@example.net','b0e585266ffe2af70e823ed368c597ca3ba66439',9808009399,'2014-11-21','2011-07-13 08:44:07','','male'),(30,'Cecelia','Maggio','cecelia.bernhard@example.net','7912719e8a52d4257c87b8e9d19de462ba56684d',9712141468,'2001-08-31','1981-09-21 20:23:22','','female'),(31,'Raphael','Murphy','yhoeger@example.org','d797fe932a985134d13674d09c4dda16a8ef5e81',9912582559,'1990-02-20','1979-04-22 06:47:25','\0','male'),(32,'Alfred','Farrell','yost.damian@example.net','977558cdf1792cf6ffc9f9e1885296de4dec7783',9084502886,'1986-02-21','2002-12-31 08:47:50','','female'),(33,'Alta','Hane','ipfeffer@example.com','2f5410785e920c07391056c2455acf5fc7bb971d',9988075702,'1975-06-08','2022-02-28 00:13:28','','male'),(34,'Precious','Senger','muller.marlee@example.org','626ec5944d45c84f08ae540b022a16c4fe60cd37',9559371857,'2023-01-24','1972-09-03 04:47:18','\0','male'),(35,'Angelo','Fadel','mbotsford@example.com','299baefdcd885d7947076acc599e229808def3e2',9301987637,'1971-08-01','2007-09-13 10:51:21','\0','female'),(36,'Cassidy','Kling','yadira.mohr@example.com','7e9a15f2cd9c19ace5663b17d3af82dc4e826ebe',9881685626,'2013-11-01','1976-05-20 12:44:46','\0','male'),(37,'Willis','Brown','uwyman@example.org','74ec6128ea601337b8227311b02667b2667bfe07',9744345815,'1990-10-12','2022-11-01 06:01:59','','female'),(38,'Velda','Gulgowski','georgianna.jaskolski@example.com','3a886425e938500ee19659da6d0a97f60d80ae33',9605907404,'2009-08-08','1992-09-23 07:24:31','','female'),(39,'Verona','Wolf','mafalda.yundt@example.net','1ce8504400aa224d234964b73bf7774843d6987a',9221300407,'1997-12-10','2017-08-28 22:47:28','','female'),(40,'Natalia','Wolf','jemard@example.org','c8f85de88a71844ebe85a0e65bc94b176ec40aae',9964013519,'1982-10-28','2006-06-14 11:56:57','','female'),(41,'Taylor','Schmitt','isawayn@example.com','a7a29406e1a6d78f34628bdbcf30f6a5d1797779',9232414385,'1978-11-23','1981-05-18 17:01:05','\0','male'),(42,'Nella','Schaden','wilderman.sammie@example.org','64cec642edf7401e3318613266ce6e40d8d0ed57',9554084047,'1984-04-13','2001-02-11 00:13:58','','male'),(43,'Hilda','Goyette','jones.adrain@example.org','af597cc16166a3d739f47bb60f436cdc2b3bb95d',9989664749,'2020-08-01','2011-08-30 18:28:19','','male'),(44,'Waino','Reinger','saul.hamill@example.net','47ae27808329ae24fcf91d38ef855ec509722075',9817086701,'2021-11-17','1989-05-02 20:22:14','','female'),(45,'Ansel','Sipes','sgrady@example.net','4bd9750b65e4af7af91e8a4d97b288848fdb9aa6',9323877815,'1985-01-19','1994-05-26 10:16:56','','male'),(46,'Mackenzie','Feil','dicki.amos@example.com','3a9285ef27b8658c7f7ffdc3f7627cb75760907f',9410752333,'1993-02-17','1983-03-09 07:42:42','','male'),(47,'Lexus','Williamson','djacobi@example.net','c26a7c5d933d1bc957f4a0dd76cf374b6c2cb0ef',9992897693,'1979-12-19','2007-07-25 03:09:49','','female'),(48,'Will','Kshlerin','qschuster@example.org','fecdfcb03ec826c4cfe6613164b43dad5cd4fad3',9746617042,'1971-04-06','2001-01-25 08:37:55','','male'),(49,'Sylvan','Batz','ruby07@example.net','ee7e0e442f904d977c7d601806e1d6389c993b59',9120030570,'2001-12-16','1983-11-23 14:09:11','','female'),(50,'Glenda','Schowalter','haley.walker@example.net','0e665b88e3addbb2bc5ce384f48e335c41051daa',9649628442,'2018-07-09','1970-10-27 20:44:44','\0','male'),(51,'Tamia','Bode','janis.huel@example.org','0772cf6001d6e22ce7e1a39053129ced8e7f67e7',9267452774,'1995-09-22','1992-09-16 11:18:00','\0','female'),(52,'Morgan','Wilderman','nicolas.omer@example.com','facbf9a91498a6b93a805e0d54c8db707a940672',9660374627,'2017-10-31','2015-06-24 06:29:13','','male'),(53,'Abel','Pagac','brook67@example.net','d1f24721fb18e3e059965a3cd56c76b93a0e0d7d',9519633167,'2017-01-16','1970-05-09 01:05:28','','male'),(54,'Viola','Lesch','delmer13@example.com','e3988d7421e5011a1cf8c0433a7ef92aafc885b4',9105449039,'2019-01-06','1978-11-30 21:09:00','\0','male'),(55,'Rashad','Grimes','bruen.asa@example.org','dd6a56b23c8c654f9194bbc86891208a13fddc10',9016017286,'1986-03-09','2001-06-19 18:22:19','','male'),(56,'Meggie','Mohr','zrath@example.net','e52965c23ee5f0c378483756b0d18088ff431efb',9441369551,'1979-07-31','2018-06-25 07:55:55','','male'),(57,'Tyra','Wyman','anibal65@example.org','fee8be96dad0e2dd4f5930ade511e07f7954cb38',9998616545,'1978-07-18','1996-08-15 02:02:58','\0','female'),(58,'Nicholaus','Boyle','fanny51@example.net','35b2f09da3bab124c063c15904790a1cab7f1fd7',9528995288,'2010-05-20','1979-12-10 09:56:05','\0','female'),(59,'Brionna','O\'Conner','reichel.cleora@example.org','46425769a334eb742688a86489af96f23a56d5ca',9487144582,'2014-01-18','2022-05-27 08:48:24','\0','male'),(60,'Estell','DuBuque','twaelchi@example.org','47f698bbbf4c2beb0ffcb99557d84c9ef7d5812e',9239831834,'2011-07-13','1970-11-28 07:21:24','','female'),(61,'Barry','Morissette','hipolito.prosacco@example.net','09ebe6e58433bfee547c412e5f0725bc83ae11d8',9972412343,'2007-08-09','1990-08-26 17:15:15','','female'),(62,'Austin','Ernser','serena.jenkins@example.net','4b20ef24d8e7fadf6256ff4cbf486869f7e87f65',9601066309,'1988-03-09','2010-11-20 18:38:17','\0','male'),(63,'Emory','Murphy','bode.jennings@example.com','980799245bb40f241abd5112ae175e56b3fd8c54',9038236135,'2011-12-09','2010-09-30 20:39:54','','female'),(64,'Anahi','Sauer','dixie91@example.org','327bf9156847316d7927863f7426ab4a29e059fd',9047826088,'1995-09-19','1992-01-26 08:34:12','\0','male'),(65,'Rowan','O\'Keefe','simone.schaefer@example.org','db1a0ca633a85982e065db6727feefaf4d193f1c',9101769600,'2005-09-06','2012-01-29 05:19:34','','female'),(66,'Albertha','Bergnaum','halvorson.wilton@example.net','da9dc86f94f9e9f54b1eff09ed15d748fd9fac97',9391515036,'1979-09-12','2003-09-26 04:29:55','','female'),(67,'Braxton','Ebert','ihaag@example.com','be900256aef69beff8dfd8e527853b4534b59d55',9599633513,'1973-06-22','1977-08-11 06:34:59','\0','female'),(68,'Jazlyn','Becker','zhauck@example.com','0bef49df76ed832cc25c2708ac3f802daecae225',9120991600,'1996-09-26','2010-10-05 21:05:10','\0','female'),(69,'Monte','Doyle','darrel46@example.net','0c5b2b4ca5283ee2a6c23e169682305ba383dc3f',9801438716,'1990-04-21','1990-08-30 13:23:54','\0','male'),(70,'Burdette','Schmidt','astrid69@example.org','80966f0dad25fdcda8957d0dbfd4631fb4818b1c',9763040166,'2000-10-22','1977-04-20 08:11:14','\0','female'),(71,'Florida','Spencer','glenda.bartoletti@example.org','76bb04c08238248085661e1d434dbab3a72f3087',9598146410,'1987-02-10','2001-05-02 06:13:53','','male'),(72,'May','Hickle','juana.pouros@example.net','908b3592df3068e70c15522f45bc83bc3affb19a',9967624643,'2003-07-19','2013-02-25 04:17:42','\0','male'),(73,'Felicita','Gibson','rwolff@example.net','34e9651317b37539c3b9b88db97d711318d2fb3d',9634430564,'2019-04-29','1981-09-07 20:09:19','\0','male'),(74,'Earnest','Gutkowski','roman.jones@example.net','4e9b6fb41d75fb99a688de81d14181a6039fc965',9407309127,'1996-02-14','1986-12-29 10:31:28','','male'),(75,'Lawson','Rice','hlynch@example.org','54fbcd3884aaad7d175515fe4584483d42bbe637',9767600387,'1988-01-12','1973-12-19 21:18:46','\0','male'),(76,'Aylin','Koss','ncarroll@example.org','94c08f1f05d50da870a6ca1b0abc76d9df005cb6',9210831177,'2022-02-28','1998-08-11 07:43:04','','female'),(77,'Alene','Hickle','vsimonis@example.com','c739e224ed8cfde7823a81a44a0688a535e87e32',9547339777,'2006-05-30','1978-06-03 18:18:13','','female'),(78,'Celia','Farrell','lkunde@example.net','ae6a7c179a09e28222ecbd86aeb22058d279b06e',9847873992,'2010-09-24','1987-12-25 05:04:16','','male'),(79,'Justice','Kuhn','hilpert.albina@example.net','459e7682741f4b168e986774adbaa02d0012c504',9226213795,'2009-10-28','1972-04-28 19:02:33','','male'),(80,'Juwan','Dare','wstanton@example.org','dbc2b5b856a4fbfb2ca7a3ee1a3486c563395b85',9465301279,'2015-06-27','2020-03-20 12:46:14','\0','female'),(81,'Joy','Lehner','lisette77@example.net','f51b56fb65e146bd259cbfdc5af47aaccb86aa1c',9695453527,'2012-04-22','1982-05-06 22:15:24','\0','male'),(82,'Lavada','Moen','ofay@example.net','3026fc667ed8df3b48fe4e292498749c1957dbb3',9027721073,'2010-06-13','2002-02-16 08:51:49','\0','female'),(83,'Violet','Goyette','krystal02@example.com','10eb08ccc4b205b6d5e53b7c44c2104b99f86d21',9112524914,'2021-09-03','1996-01-06 12:53:26','\0','male'),(84,'Winfield','Daniel','braun.nathaniel@example.net','41b7df9dcd8b006305999c112e77fa8694fbe1dc',9310551506,'2004-03-18','2001-05-07 20:21:42','','male'),(85,'Santos','Ziemann','cale.mohr@example.com','d0d8402778ae82c7e6e736928d337a700a75e715',9275135348,'1974-05-16','2020-04-03 21:37:11','','male'),(86,'Roosevelt','Rutherford','monahan.major@example.org','f03a9fcd4d04a58b970819762928137a9bd0e378',9987950180,'2010-12-07','1979-05-16 20:47:10','','male'),(87,'Forest','Quitzon','waelchi.lambert@example.net','95c03a219e0b94395fa2755f7c8ff67feccd3dc3',9474824463,'1977-04-04','2007-05-31 04:44:07','','male'),(88,'Leone','Bogisich','luigi.herzog@example.com','b7d0cc2a396a5fc4d7d4847730e5b4026a1dbb3a',9225223753,'1981-02-05','2017-11-28 04:33:09','\0','male'),(89,'Henriette','Koelpin','trath@example.net','647265535c7d367c6b0b3c3c8c2f141145966c92',9767281673,'2001-08-23','2014-11-20 05:47:33','\0','female'),(90,'Cristina','Murazik','bergnaum.nya@example.org','e18264def36e58ecd0f8f0a589b30309f164d03d',9323685322,'1973-05-04','1993-05-20 17:40:33','\0','male'),(91,'Dominique','Haley','leonor44@example.com','ae4f6aea3775c4cc3b948c7fa8050d1e18354ce7',9714573918,'1995-05-26','2003-03-19 08:50:43','\0','male'),(92,'Eulalia','Raynor','jschoen@example.org','405ca668d3cd33d7cef1deb2fcf2bc946cf4ddb1',9392494933,'1985-02-23','2009-01-11 18:09:47','','male'),(93,'Cathrine','Franecki','zena.emard@example.net','744b4b218de7a760db9a4602f36ce0aab10ad8c0',9369885435,'1993-10-19','1982-09-22 19:14:04','','female'),(94,'Carole','Ullrich','anibal.bartell@example.com','623c0803032eba0c00cd25797631d4947feee9a6',9330381835,'2007-02-15','2023-03-29 21:49:40','','male'),(95,'Amya','Shields','tthompson@example.org','fc121f5ca0d97ecb5f38f92d1c3cd0b630027d8c',9473661941,'2023-03-17','1995-01-26 22:13:33','','male'),(96,'Sophia','Dooley','nikolaus.bartholome@example.net','2ed3fd6e83a49253331addc14291ae5fba97f5f4',9926094714,'1973-03-13','2010-05-16 03:40:42','\0','male'),(97,'Arlie','Bogan','kuhlman.magdalena@example.com','15b556dcd4ccc94a453161d516ff9bdc8e123258',9721365172,'2003-04-13','2022-10-15 02:04:55','\0','male'),(98,'Kris','Murray','laney.deckow@example.org','693905e70bd5eeafb61a278d337cbc6d2ab01628',9534002547,'1970-02-04','2017-01-03 21:57:49','\0','female'),(99,'Dave','Haley','jast.doug@example.com','15d97dfd9a9e540c3733109adb02c6806df62ad3',9620780461,'2016-10-23','2017-03-31 00:51:06','\0','male'),(100,'Kendrick','Bode','waters.easton@example.net','4313ed00bd0cffa1e086c91452ed3ef85fc30b44',9677103113,'1990-05-09','1985-09-01 02:12:15','\0','male');
/*!40000 ALTER TABLE `users` ENABLE KEYS */;
UNLOCK TABLES;
/*!40103 SET TIME_ZONE=@OLD_TIME_ZONE */;

/*!40101 SET SQL_MODE=@OLD_SQL_MODE */;
/*!40014 SET FOREIGN_KEY_CHECKS=@OLD_FOREIGN_KEY_CHECKS */;
/*!40014 SET UNIQUE_CHECKS=@OLD_UNIQUE_CHECKS */;
/*!40101 SET CHARACTER_SET_CLIENT=@OLD_CHARACTER_SET_CLIENT */;
/*!40101 SET CHARACTER_SET_RESULTS=@OLD_CHARACTER_SET_RESULTS */;
/*!40101 SET COLLATION_CONNECTION=@OLD_COLLATION_CONNECTION */;
/*!40111 SET SQL_NOTES=@OLD_SQL_NOTES */;

-- Dump completed on 2023-05-05 12:45:36
